R,G,B,Fitzpatrick,Undertone
241,207,176,2,Cool
198,188,147,3,Warm
191,166,131,3,Warm
253,200,202,1,Cool
141,123,92,5,Warm
120,127,72,5,Neutral
68,84,50,6,Warm
240,226,184,1,Cool
246,223,197,1,Neutral
68,65,37,6,Warm
117,81,44,6,Warm
249,213,184,1,Cool
169,156,134,4,Warm
194,193,149,3,Neutral
60,48,77,6,Neutral
241,232,205,1,Neutral
214,184,152,3,Neutral
166,135,139,4,Neutral
182,159,103,4,Warm
154,124,110,5,Neutral
202,138,137,4,Warm
170,167,101,4,Warm
233,197,158,2,Warm
195,130,133,4,Warm
67,50,52,6,Neutral
134,87,115,5,Cool
191,189,156,3,Neutral
222,212,199,2,Cool
221,174,148,3,Cool
217,169,147,3,Neutral
92,44,51,6,Cool
148,103,112,5,Cool
231,225,211,1,Cool
216,201,164,2,Warm
156,84,60,5,Warm
221,187,165,3,Warm
230,185,147,3,Warm
208,171,164,3,Warm
191,139,131,4,Warm
130,95,114,5,Cool
245,203,165,2,Warm
223,158,146,3,Cool
235,200,194,1,Neutral
133,108,87,5,Warm
182,149,111,4,Neutral
194,177,143,3,Neutral
239,245,202,1,Warm
128,112,76,5,Warm
213,186,141,3,Warm
189,173,147,3,Cool
95,62,57,6,Warm
130,82,110,5,Cool
250,203,205,1,Neutral
151,83,99,5,Cool
238,213,211,1,Cool
148,119,72,5,Cool
203,191,140,3,Warm
194,160,160,3,Neutral
76,48,68,6,Neutral
236,195,197,2,Cool
211,160,155,3,Warm
236,209,176,2,Warm
65,71,56,6,Warm
156,119,109,5,Neutral
221,176,165,3,Cool
193,178,166,3,Warm
216,215,182,2,Cool
124,124,77,5,Warm
104,60,74,6,Cool
155,81,99,5,Cool
125,92,108,5,Cool
96,86,72,6,Neutral
156,156,140,4,Cool
105,44,59,6,Warm
109,90,40,6,Warm
157,129,115,4,Warm
157,106,111,5,Cool
97,55,81,6,Neutral
201,196,167,3,Neutral
191,145,128,4,Neutral
238,205,187,1,Cool
96,66,69,6,Neutral
99,79,34,6,Neutral
217,202,173,2,Neutral
209,221,165,2,Cool
74,79,44,6,Neutral
157,103,74,5,Warm
158,116,110,5,Neutral
213,206,169,2,Cool
92,53,74,6,Cool
140,96,75,5,Neutral
212,170,166,3,Neutral
127,113,64,5,Neutral
227,201,163,2,Warm
199,148,133,4,Warm
167,149,119,4,Neutral
251,220,186,1,Neutral
111,105,86,5,Cool
186,146,118,4,Cool
174,149,114,4,Warm
193,151,145,4,Cool
199,151,135,3,Neutral
207,189,153,3,Neutral
171,148,139,4,Cool
244,225,176,1,Warm
131,110,72,5,Neutral
66,63,36,6,Warm
232,206,215,1,Cool
238,193,191,2,Neutral
191,128,128,4,Cool
139,89,111,5,Neutral
234,191,171,2,Warm
180,137,120,4,Warm
247,229,188,1,Warm
208,168,158,3,Warm
83,87,79,6,Cool
136,126,90,5,Neutral
132,124,94,5,Cool
224,207,182,1,Warm
156,102,84,5,Neutral
205,188,164,3,Cool
241,213,177,2,Neutral
133,113,79,5,Warm
202,193,180,3,Cool
236,221,174,2,Neutral
162,136,107,4,Warm
240,232,208,1,Neutral
195,128,141,4,Cool
164,167,127,4,Warm
208,192,161,3,Neutral
165,154,131,4,Cool
105,56,50,6,Neutral
112,92,114,5,Neutral
192,162,162,3,Cool
68,47,60,6,Cool
215,194,185,2,Neutral
93,46,77,6,Cool
140,94,72,5,Neutral
177,146,122,4,Warm
219,171,140,3,Warm
167,140,128,4,Neutral
215,186,188,2,Neutral
184,160,106,4,Warm
157,103,90,5,Cool
197,166,155,3,Warm
90,81,68,6,Neutral
223,225,186,1,Cool
80,76,75,6,Neutral
77,48,86,6,Cool
112,62,72,6,Neutral
211,183,194,2,Neutral
241,201,200,1,Cool
103,65,45,6,Warm
254,210,202,1,Cool
231,204,159,2,Warm
214,206,200,2,Neutral
212,177,151,3,Warm
228,202,201,1,Neutral
177,155,153,4,Cool
249,234,183,1,Warm
242,202,188,1,Cool
191,169,156,3,Neutral
207,175,145,3,Neutral
145,117,86,5,Warm
143,91,82,5,Cool
104,69,32,6,Warm
172,143,131,4,Warm
207,184,175,3,Neutral
236,214,177,2,Neutral
230,219,198,2,Cool
107,83,34,6,Warm
142,134,86,5,Warm
229,197,177,2,Neutral
218,176,145,3,Warm
160,154,137,4,Neutral
201,177,141,3,Neutral
211,188,164,3,Warm
167,125,141,4,Cool
229,209,171,2,Cool
233,219,175,2,Cool
244,200,189,1,Cool
75,63,42,6,Warm
197,182,178,3,Cool
187,127,121,4,Neutral
231,192,203,2,Cool
134,98,60,5,Warm
167,141,144,4,Neutral
234,224,196,1,Neutral
241,206,195,1,Warm
251,229,188,1,Cool
159,142,146,4,Cool
239,211,170,2,Warm
222,190,171,3,Cool
109,89,87,5,Cool
87,70,84,6,Cool
75,53,80,6,Cool
107,74,67,6,Cool
105,44,65,6,Neutral
225,208,162,2,Neutral
203,174,145,3,Cool
216,178,143,3,Warm
185,130,141,4,Neutral
169,127,110,4,Cool
116,131,102,5,Neutral
235,215,188,1,Warm
227,162,155,3,Warm
228,200,198,2,Cool
227,192,191,2,Cool
193,182,157,3,Cool
96,73,32,6,Warm
192,168,127,4,Neutral
83,66,67,6,Warm
123,136,67,5,Warm
96,38,81,6,Cool
225,200,192,2,Cool
148,87,83,5,Warm
96,86,34,6,Neutral
233,236,191,1,Neutral
240,229,193,2,Warm
185,148,113,4,Warm
85,88,67,6,Warm
233,192,191,1,Cool
236,181,188,2,Cool
189,154,155,4,Cool
234,219,188,2,Warm
171,141,106,4,Warm
115,106,114,5,Cool
163,86,98,5,Warm
204,166,173,3,Cool
88,51,36,6,Warm
235,225,195,1,Warm
91,69,50,6,Neutral
58,86,81,6,Cool
119,110,117,5,Cool
219,190,197,2,Neutral
135,116,90,5,Neutral
131,100,83,5,Neutral
104,42,50,6,Warm
148,93,105,5,Cool
219,219,189,2,Neutral
187,160,152,4,Neutral
154,79,117,5,Cool
175,155,147,4,Cool
240,202,187,2,Warm
195,160,142,3,Warm
241,217,183,1,Warm
241,234,213,1,Cool
133,86,78,5,Neutral
230,201,177,2,Neutral
186,136,103,4,Warm
219,172,139,3,Warm
65,53,59,6,Neutral
234,218,211,1,Neutral
219,203,162,2,Warm
158,83,110,5,Neutral
163,134,112,4,Neutral
179,162,150,4,Cool
231,208,181,2,Warm
102,42,54,6,Neutral
225,191,196,2,Neutral
109,78,77,6,Cool
251,215,189,1,Neutral
128,83,73,5,Warm
253,215,182,1,Neutral
85,84,39,6,Neutral
164,154,128,4,Neutral
243,207,186,1,Warm
158,101,91,5,Warm
238,215,179,2,Cool
136,91,104,5,Neutral
124,120,98,5,Warm
205,189,133,3,Warm
79,62,70,6,Warm
251,236,186,1,Warm
159,125,71,5,Warm
193,161,132,3,Warm
139,114,82,5,Neutral
191,166,156,3,Neutral
225,213,162,2,Neutral
250,199,188,1,Neutral
209,168,140,3,Warm
241,201,192,1,Cool
175,162,123,4,Neutral
215,215,180,2,Neutral
213,210,191,2,Cool
225,217,175,2,Warm
193,133,140,4,Cool
227,216,216,1,Cool
177,145,138,4,Neutral
192,187,172,3,Neutral
80,48,34,6,Warm
237,207,166,2,Warm
255,214,189,1,Warm
103,57,83,6,Cool
195,136,103,4,Warm
193,163,142,3,Neutral
255,223,185,1,Neutral
193,147,122,4,Neutral
218,217,177,2,Neutral
55,62,69,6,Warm
242,225,179,1,Neutral
213,202,163,2,Neutral
238,221,186,1,Warm
230,195,157,3,Warm
170,160,147,4,Cool
221,205,191,1,Cool
163,131,119,4,Cool
73,55,41,6,Neutral
235,206,201,1,Cool
206,168,174,3,Cool
181,174,151,3,Neutral
110,94,72,5,Neutral
98,87,64,6,Cool
191,180,140,3,Warm
234,187,197,2,Cool
174,130,121,4,Cool
119,43,51,6,Warm
248,212,204,1,Cool
208,214,176,2,Cool
111,92,112,5,Neutral
235,213,173,2,Neutral
157,160,121,4,Warm
235,186,165,2,Neutral
193,132,117,4,Warm
201,195,132,3,Warm
230,239,213,1,Neutral
213,183,183,2,Cool
225,191,188,1,Cool
111,93,48,6,Warm
189,161,126,4,Warm
235,214,181,2,Cool
80,51,33,6,Neutral
135,117,81,5,Cool
124,86,89,5,Neutral
167,149,116,4,Neutral
74,58,83,6,Cool
244,220,187,1,Cool
137,92,88,5,Cool
220,207,173,2,Warm
228,189,142,3,Warm
131,91,68,5,Neutral
124,95,100,5,Cool
86,77,40,6,Warm
165,139,136,4,Neutral
151,108,61,5,Warm
237,190,177,2,Cool
176,158,122,4,Neutral
223,175,164,3,Cool
135,89,102,5,Neutral
218,186,178,3,Cool
128,119,117,5,Neutral
137,118,97,5,Neutral
155,131,81,5,Cool
164,157,125,4,Neutral
181,137,118,4,Warm
204,141,104,4,Warm
107,111,96,5,Cool
130,119,87,5,Neutral
242,237,193,1,Warm
99,85,35,6,Warm
235,231,181,1,Warm
79,71,38,6,Warm
169,132,145,4,Neutral
173,137,111,4,Warm
212,197,193,2,Cool
181,125,142,4,Warm
231,209,203,1,Cool
215,193,194,2,Warm
142,95,114,5,Cool
162,153,106,4,Warm
98,68,65,6,Neutral
225,180,158,3,Neutral
132,123,101,5,Cool
117,81,71,5,Warm
58,71,80,6,Neutral
225,174,165,3,Cool
240,212,184,1,Neutral
252,227,177,1,Warm
188,150,129,4,Cool
198,177,143,3,Warm
216,208,160,2,Warm
156,124,57,5,Warm
213,209,169,2,Neutral
195,149,119,4,Warm
192,150,110,4,Neutral
132,127,61,5,Warm
146,131,105,5,Warm
58,65,62,6,Neutral
188,156,134,4,Cool
118,102,99,5,Neutral
160,158,149,4,Cool
246,217,166,2,Neutral
238,217,190,1,Warm
161,134,126,4,Neutral
126,102,94,5,Cool
209,176,186,3,Cool
226,185,150,3,Neutral
211,186,163,3,Cool
77,38,54,6,Cool
208,219,168,2,Warm
232,184,186,2,Neutral
226,193,147,3,Neutral
246,230,200,1,Neutral
136,112,99,5,Warm
186,152,141,4,Neutral
163,124,144,4,Cool
221,223,205,1,Cool
249,199,170,2,Warm
210,159,160,3,Neutral
191,161,127,4,Cool
130,108,95,5,Cool
254,235,203,1,Cool
186,162,164,3,Warm
234,196,196,1,Cool
159,144,132,4,Cool
228,231,184,1,Warm
226,215,210,1,Neutral
174,128,121,4,Warm
249,195,203,1,Cool
162,167,125,4,Warm
248,212,166,2,Warm
113,121,105,5,Neutral
117,116,87,5,Neutral
73,85,65,6,Cool
231,225,190,1,Neutral
167,123,63,5,Warm
63,59,54,6,Neutral
156,117,118,5,Cool
198,187,176,3,Cool
217,153,156,3,Neutral
144,108,93,5,Neutral
134,109,84,5,Cool
221,187,188,3,Cool
125,129,87,5,Warm
197,135,122,4,Warm
190,162,136,4,Cool
230,209,161,2,Warm
197,165,109,4,Warm
191,198,168,3,Warm
118,84,97,5,Neutral
243,205,186,2,Neutral
191,142,137,4,Cool
202,184,154,3,Cool
222,203,208,1,Cool
255,208,189,1,Neutral
225,200,158,2,Warm
224,220,187,1,Neutral
225,194,200,2,Cool
230,207,182,1,Neutral
101,75,61,6,Warm
218,227,210,1,Neutral
88,43,65,6,Warm
190,167,162,3,Cool
98,43,79,6,Cool
220,168,167,3,Warm
188,135,143,4,Cool
224,190,160,2,Neutral
175,137,128,4,Neutral
151,97,91,5,Neutral
164,131,117,4,Neutral
245,216,172,2,Cool
230,240,183,1,Neutral
219,188,187,2,Cool
110,38,78,6,Neutral
171,147,143,4,Cool
224,213,202,1,Warm
154,88,100,5,Cool
240,210,178,2,Cool
230,234,181,1,Warm
215,206,186,2,Neutral
229,196,174,2,Warm
200,168,157,3,Cool
173,153,145,4,Neutral
195,154,114,4,Neutral
126,92,107,5,Cool
177,146,160,4,Cool
89,56,48,6,Cool
223,186,149,3,Warm
102,87,81,6,Cool
229,230,201,1,Cool
243,193,161,2,Warm
224,163,158,3,Warm
111,84,93,5,Neutral
192,135,136,4,Cool
225,218,196,1,Neutral
120,96,103,5,Warm
121,113,63,5,Warm
183,140,132,4,Cool
198,137,136,4,Neutral
119,86,86,5,Cool
195,194,145,3,Cool
169,111,93,5,Warm
162,94,92,5,Neutral
187,146,162,4,Cool
231,228,183,1,Warm
200,138,127,4,Warm
168,136,150,4,Cool
230,217,204,2,Cool
218,170,128,3,Warm
242,202,211,1,Cool
253,235,183,1,Warm
196,186,183,3,Cool
182,199,173,3,Cool
156,87,102,5,Neutral
146,113,94,5,Cool
192,180,136,3,Warm
201,160,159,3,Cool
244,210,192,2,Cool
228,185,187,2,Neutral
202,157,171,3,Cool
250,198,190,1,Neutral
192,152,145,3,Cool
228,201,167,2,Neutral
70,44,68,6,Cool
191,173,166,3,Cool
218,180,143,3,Neutral
155,166,103,4,Warm
65,61,79,6,Neutral
193,146,129,4,Neutral
162,146,121,4,Cool
156,157,131,4,Neutral
194,166,174,3,Cool
167,128,148,4,Cool
161,129,123,4,Neutral
177,159,146,4,Neutral
106,66,72,6,Cool
225,166,153,3,Neutral
230,227,185,1,Warm
70,77,83,6,Cool
106,74,60,6,Cool
229,187,168,2,Warm
153,98,86,5,Cool
251,204,186,1,Neutral
118,115,124,5,Cool
231,195,201,1,Cool
185,136,146,4,Cool
244,188,193,2,Cool
79,76,33,6,Neutral
178,156,122,4,Warm
243,212,157,2,Warm
227,189,160,3,Warm
114,84,117,5,Neutral
71,42,78,6,Cool
133,107,77,5,Cool
232,232,187,1,Cool
119,128,89,5,Neutral
232,231,186,1,Cool
98,65,80,6,Cool
74,52,71,6,Cool
165,131,155,4,Cool
150,74,88,5,Neutral
214,192,187,2,Neutral
132,92,95,5,Cool
241,219,210,1,Neutral
181,145,116,4,Cool
226,201,182,2,Warm
115,85,97,5,Warm
83,76,71,6,Warm
217,204,177,2,Neutral
239,215,199,2,Cool
226,200,164,2,Warm
233,186,203,2,Cool
251,202,178,2,Warm
72,40,46,6,Warm
187,188,183,3,Cool
245,209,212,1,Cool
237,201,160,2,Warm
108,81,69,6,Neutral
192,149,150,4,Cool
199,156,170,3,Cool
232,193,197,1,Neutral
157,134,133,4,Warm
126,96,101,5,Warm
221,206,197,1,Warm
90,56,33,6,Warm
187,143,126,4,Warm
167,100,70,5,Warm
139,86,81,5,Warm
184,164,131,4,Neutral
83,53,41,6,Neutral
65,46,53,6,Warm
154,128,107,5,Cool
62,57,48,6,Neutral
118,94,70,5,Warm
202,183,163,3,Neutral
201,193,143,3,Warm
85,47,64,6,Warm
117,93,125,5,Cool
137,119,92,5,Cool
71,37,36,6,Neutral
198,159,145,4,Cool
79,66,49,6,Warm
230,191,195,1,Cool
196,143,113,4,Neutral
102,85,52,6,Neutral
237,201,212,1,Cool
94,36,71,6,Warm
221,189,156,2,Warm
246,193,164,2,Warm
224,175,181,3,Cool
218,177,152,3,Warm
97,90,63,6,Warm
116,105,89,5,Neutral
211,198,168,2,Cool
180,132,150,4,Cool
167,159,125,4,Warm
131,88,102,5,Cool
233,190,171,2,Neutral
231,228,160,2,Warm
230,224,184,2,Warm
187,188,178,3,Cool
218,182,159,3,Cool
129,114,98,5,Warm
133,126,108,5,Neutral
138,119,75,5,Warm
186,174,158,3,Cool
231,213,188,1,Cool
199,162,137,3,Neutral
245,205,170,2,Neutral
240,210,182,2,Neutral
135,130,83,5,Neutral
192,180,147,3,Warm
227,216,192,1,Cool
190,189,165,3,Cool
198,158,152,3,Cool
207,167,151,3,Neutral
235,200,167,2,Warm
253,210,191,1,Cool
80,85,68,6,Cool
212,179,151,3,Warm
185,132,107,4,Neutral
253,209,215,1,Cool
233,201,182,2,Warm
214,154,169,3,Neutral
91,71,76,6,Warm
151,107,104,5,Neutral
245,220,176,2,Neutral
202,153,118,4,Neutral
128,82,111,5,Neutral
218,201,206,2,Cool
219,218,170,2,Warm
186,163,126,4,Cool
226,160,168,3,Warm
160,153,125,4,Cool
227,190,201,2,Cool
125,120,100,5,Warm
235,237,184,1,Warm
108,123,86,5,Cool
185,183,147,3,Neutral
93,43,56,6,Neutral
206,179,165,3,Neutral
196,160,156,3,Warm
83,68,37,6,Warm
134,78,100,5,Neutral
232,215,207,1,Neutral
145,127,82,5,Warm
242,196,202,1,Cool
240,236,198,1,Warm
236,209,202,1,Neutral
167,143,140,4,Neutral
161,162,138,4,Cool
215,181,175,3,Cool
224,216,180,1,Warm
237,186,171,2,Neutral
233,196,198,1,Cool
201,160,156,3,Cool
225,177,190,2,Neutral
74,84,62,6,Warm
187,129,141,4,Cool
152,100,60,5,Warm
191,128,132,4,Cool
225,208,195,1,Warm
127,107,110,5,Neutral
236,210,199,1,Cool
150,87,90,5,Warm
220,175,175,3,Neutral
161,127,154,4,Cool
225,208,183,2,Cool
218,200,187,2,Warm
230,159,156,3,Warm
244,215,164,2,Neutral
156,92,111,5,Cool
154,81,90,5,Warm
98,72,38,6,Warm
185,192,156,3,Neutral
205,162,138,3,Warm
148,98,78,5,Warm
217,190,174,2,Warm
255,186,188,1,Cool
118,91,81,5,Cool
235,222,200,1,Neutral
255,212,177,1,Warm
146,81,102,5,Neutral
221,222,168,2,Neutral
243,211,185,1,Neutral
145,124,71,5,Neutral
230,231,210,1,Cool
212,175,160,3,Warm
207,194,175,3,Neutral
240,229,203,1,Warm
236,208,184,1,Warm
231,199,172,2,Cool
221,216,184,1,Warm
127,113,60,5,Warm
125,86,70,5,Warm
211,161,151,3,Cool
197,157,111,4,Neutral
131,97,107,5,Cool
248,222,206,1,Cool
216,173,151,3,Warm
230,232,197,1,Warm
211,173,167,3,Neutral
250,236,173,1,Warm
110,58,40,6,Cool
163,104,99,5,Cool
220,175,150,3,Neutral
67,54,43,6,Neutral
61,92,34,6,Warm
230,225,182,1,Neutral
79,62,84,6,Cool
97,86,66,6,Cool
240,205,195,1,Neutral
105,72,50,6,Neutral
77,80,45,6,Warm
80,59,52,6,Warm
127,134,104,5,Warm
226,201,168,2,Warm
64,88,61,6,Neutral
238,218,185,1,Neutral
122,96,82,5,Cool
190,186,153,3,Warm
108,91,67,6,Neutral
146,114,107,5,Cool
210,209,186,2,Cool
154,145,123,4,Cool
194,197,133,3,Warm
165,153,120,4,Cool
103,83,70,6,Warm
215,200,179,2,Neutral
242,184,194,2,Neutral
138,103,104,5,Cool
238,212,187,1,Cool
112,130,87,5,Warm
195,184,178,3,Cool
210,160,159,3,Warm
255,227,177,1,Warm
166,127,125,4,Cool
199,178,145,3,Warm
95,57,69,6,Warm
218,213,181,2,Cool
209,169,153,3,Warm
240,202,202,1,Cool
104,64,53,6,Warm
209,196,188,2,Neutral
231,225,212,1,Cool
237,205,172,2,Neutral
234,208,190,2,Neutral
134,93,83,5,Warm
202,163,148,3,Warm
232,203,189,2,Warm
74,44,27,6,Warm
173,132,120,4,Warm
219,191,165,2,Neutral
126,124,112,5,Neutral
186,140,100,4,Warm
84,66,68,6,Neutral
217,154,150,3,Neutral
197,155,164,3,Warm
223,156,147,3,Cool
104,87,61,6,Neutral
190,172,139,3,Warm
206,163,177,3,Cool
222,183,171,2,Cool
166,160,113,4,Warm
176,150,133,4,Warm
94,79,49,6,Cool
196,165,112,4,Neutral
78,60,58,6,Cool
187,137,132,4,Neutral
211,211,194,2,Cool
220,208,169,2,Warm
201,163,120,4,Warm
219,206,154,2,Warm
164,130,157,4,Cool
161,145,138,4,Warm
128,99,98,5,Warm
233,202,199,1,Neutral
86,78,75,6,Cool
107,60,58,6,Warm
241,220,176,2,Cool
216,182,184,2,Cool
242,186,198,2,Cool
197,155,161,3,Warm
198,182,146,3,Neutral
208,187,161,3,Cool
69,66,80,6,Cool
82,64,40,6,Cool
187,173,164,3,Cool
235,210,170,2,Warm
229,203,199,1,Warm
223,190,189,2,Neutral
235,227,197,1,Neutral
238,196,200,2,Neutral
211,174,164,3,Neutral
225,232,200,1,Cool
138,104,75,5,Neutral
235,196,174,2,Neutral
235,220,204,1,Cool
182,165,113,4,Warm
229,189,171,2,Warm
90,40,54,6,Warm
214,220,185,1,Neutral
167,169,136,4,Cool
126,118,116,5,Cool
78,67,29,6,Warm
199,191,147,3,Neutral
252,202,192,1,Neutral
237,208,187,2,Cool
255,234,212,1,Neutral
240,216,179,1,Warm
188,154,118,4,Warm
223,191,156,3,Warm
229,201,175,2,Neutral
109,45,77,6,Neutral
219,198,180,2,Warm
200,172,136,3,Warm
237,189,203,2,Neutral
109,69,67,6,Warm
207,195,188,2,Cool
235,186,182,2,Cool
150,139,131,4,Neutral
159,101,98,5,Neutral
239,199,199,2,Neutral
158,81,107,5,Cool
103,49,35,6,Neutral
193,187,187,3,Cool
222,187,190,2,Neutral
130,89,111,5,Cool
218,151,178,3,Cool
101,67,55,6,Cool
69,76,62,6,Warm
214,194,161,2,Warm
202,193,156,3,Warm
243,209,203,1,Warm
96,77,39,6,Neutral
111,131,68,5,Warm
73,53,59,6,Warm
129,123,87,5,Cool
221,165,179,3,Cool
240,201,174,2,Cool
127,113,108,5,Cool
97,70,76,6,Cool
233,221,183,1,Warm
137,110,98,5,Cool
170,153,105,4,Warm
214,199,178,2,Cool
161,163,128,4,Warm
228,209,176,2,Warm
211,196,159,3,Warm
171,146,119,4,Warm
154,140,121,4,Neutral
249,239,177,1,Warm
194,149,108,4,Warm
228,185,197,2,Cool
221,195,172,2,Cool
186,142,139,4,Cool
242,196,183,2,Neutral
136,123,90,5,Neutral
128,86,116,5,Cool
62,66,41,6,Cool
185,149,129,4,Cool
66,51,68,6,Cool
104,60,78,6,Cool
134,92,76,5,Cool
189,196,168,3,Neutral
147,116,108,5,Cool
199,133,116,4,Warm
166,169,122,4,Neutral
232,215,181,1,Neutral
92,71,67,6,Warm
252,197,178,1,Neutral
191,166,129,3,Warm
100,83,67,6,Cool
243,194,171,2,Neutral
190,172,136,3,Warm
231,204,179,1,Neutral
62,63,59,6,Warm
226,199,169,2,Neutral
133,91,104,5,Neutral
81,64,36,6,Neutral
129,128,74,5,Warm
249,226,182,1,Cool
186,132,147,4,Neutral
199,143,123,4,Neutral
73,66,63,6,Cool
223,206,199,1,Neutral
225,195,164,3,Warm
178,153,132,4,Warm
255,212,175,1,Warm
200,167,143,3,Warm
219,172,181,3,Cool
113,83,60,6,Warm
216,223,166,2,Warm
194,175,156,3,Cool
185,167,123,4,Neutral
189,139,146,4,Neutral
104,57,50,6,Neutral
121,125,67,5,Warm
144,122,82,5,Warm
156,167,119,4,Neutral
234,206,197,1,Neutral
161,162,126,4,Cool
202,191,170,3,Warm
73,58,58,6,Warm
172,164,134,4,Neutral
76,56,73,6,Neutral
201,170,139,4,Warm
226,211,185,2,Warm
180,143,114,4,Neutral
254,236,206,1,Neutral
184,140,129,4,Warm
224,195,162,2,Warm
159,134,139,4,Cool
202,188,162,3,Cool
174,154,140,4,Neutral
216,170,163,3,Neutral
186,189,168,3,Neutral
234,206,190,2,Neutral
131,110,120,5,Cool
160,140,123,4,Warm
235,204,204,1,Neutral
242,201,183,1,Warm
219,188,166,2,Neutral
74,43,60,6,Cool
99,69,57,6,Warm
212,167,179,3,Cool
206,162,159,3,Warm
213,191,162,3,Warm
200,159,114,4,Neutral
84,66,36,6,Neutral
218,178,142,3,Neutral
190,153,125,4,Neutral
155,142,124,4,Neutral
232,203,195,2,Neutral
180,150,151,4,Neutral
217,186,148,3,Warm
192,171,135,4,Cool
248,235,175,1,Neutral
204,164,115,4,Warm
99,39,49,6,Warm
191,128,141,4,Neutral
171,159,126,4,Cool
224,165,138,3,Warm
142,118,96,5,Cool
202,170,178,3,Cool
137,117,65,5,Warm
229,205,172,2,Warm
127,106,104,5,Warm
161,90,81,5,Neutral
196,157,125,4,Warm
76,85,66,6,Warm
137,92,62,5,Warm
128,123,99,5,Cool
73,50,64,6,Warm
85,76,53,6,Warm
221,203,208,1,Cool
106,77,72,6,Warm
105,76,48,6,Cool
217,198,152,3,Cool
82,50,74,6,Cool
212,187,174,2,Cool
218,162,161,3,Neutral
108,36,40,6,Neutral
216,164,144,3,Warm
206,193,179,3,Cool
226,185,166,3,Warm
186,161,125,4,Neutral
152,106,81,5,Neutral
229,208,177,2,Warm
245,196,176,1,Warm
183,153,139,4,Cool
194,184,158,3,Warm
207,186,168,3,Warm
135,116,94,5,Neutral
247,234,198,1,Warm
153,151,141,4,Cool
188,186,146,3,Neutral
184,161,122,4,Neutral
163,131,105,4,Warm
201,179,150,3,Warm
183,156,104,4,Warm
238,207,194,1,Neutral
179,153,136,4,Cool
193,164,175,3,Cool
118,93,120,5,Cool
216,198,165,2,Cool
236,221,189,1,Neutral
227,181,158,3,Warm
155,111,79,5,Cool
218,192,211,1,Cool
198,164,124,4,Warm
92,39,58,6,Cool
161,128,125,4,Warm
81,42,71,6,Cool
136,88,92,5,Neutral
151,103,86,5,Cool
117,56,55,6,Warm
244,215,195,2,Neutral
220,185,175,2,Cool
213,210,178,2,Cool
217,173,166,3,Cool
84,59,44,6,Neutral
89,60,68,6,Neutral
64,53,66,6,Warm
242,204,175,1,Neutral
216,215,187,2,Cool
64,66,46,6,Warm
108,70,43,6,Warm
167,174,162,4,Cool
175,156,129,4,Warm
100,83,66,6,Neutral
75,43,66,6,Warm
235,215,204,2,Cool
70,75,48,6,Warm
65,45,66,6,Cool
252,215,206,1,Warm
243,199,174,2,Warm
127,111,66,5,Neutral
239,223,202,1,Neutral
226,208,211,1,Cool
220,230,210,1,Neutral
197,171,147,3,Warm
184,161,132,4,Cool
186,175,140,3,Neutral
196,173,149,3,Neutral
133,127,105,5,Warm
162,133,115,4,Neutral
187,164,123,4,Cool
145,110,98,5,Cool
181,193,172,3,Neutral
218,212,202,2,Neutral
239,219,206,1,Neutral
131,78,75,5,Cool
141,112,89,5,Neutral
180,160,113,4,Warm
185,166,119,4,Warm
191,126,128,4,Cool
80,60,73,6,Cool
228,171,157,3,Neutral
187,192,152,3,Neutral
170,161,122,4,Cool
186,159,126,4,Neutral
246,235,177,1,Warm
225,223,183,2,Warm
178,166,111,4,Warm
176,162,120,4,Neutral
156,96,81,5,Cool
156,127,103,5,Neutral
212,193,182,2,Cool
161,164,126,4,Cool
253,233,180,1,Warm
208,161,160,3,Warm
239,197,192,2,Warm
196,158,150,3,Cool
198,174,150,3,Cool
75,82,56,6,Warm
185,151,134,4,Cool
239,184,180,2,Neutral
146,120,102,5,Neutral
215,195,191,2,Neutral
195,172,106,4,Warm
133,102,85,5,Cool
203,173,171,3,Cool
162,168,134,4,Warm
105,68,45,6,Cool
213,186,178,2,Cool
240,200,161,2,Warm
187,161,156,3,Cool
193,130,138,4,Cool
61,60,67,6,Cool
106,78,40,6,Cool
142,90,89,5,Neutral
221,213,175,2,Neutral
104,44,58,6,Warm
217,192,175,3,Cool
244,229,185,1,Cool
162,158,125,4,Cool
195,165,169,3,Cool
203,187,145,3,Neutral
141,85,87,5,Warm
240,230,196,1,Warm
162,91,66,5,Warm
191,166,142,3,Neutral
233,188,179,2,Cool
150,90,97,5,Neutral
140,118,90,5,Warm
213,185,170,3,Warm
187,131,106,4,Warm
188,196,147,3,Warm
206,170,160,3,Neutral
195,158,179,3,Cool
166,162,116,4,Neutral
188,201,158,3,Neutral
221,209,190,1,Neutral
224,188,184,3,Cool
72,90,76,6,Cool
238,215,167,2,Warm
178,153,122,4,Warm
133,128,72,5,Warm
185,152,159,4,Cool
222,203,176,2,Cool
61,69,68,6,Cool
247,230,181,1,Warm
255,218,200,1,Warm
217,162,165,3,Neutral
242,187,161,2,Warm
132,87,96,5,Neutral
203,211,163,2,Neutral
245,203,181,1,Warm
196,170,178,3,Cool
193,161,107,4,Warm
68,68,37,6,Neutral
157,142,96,4,Warm
227,168,165,3,Warm
226,214,174,2,Neutral
71,70,49,6,Warm
83,80,77,6,Neutral
82,44,36,6,Warm
168,151,105,4,Warm
231,197,203,1,Cool
187,190,157,3,Cool
187,170,136,3,Warm
207,160,169,3,Neutral
63,67,49,6,Neutral
209,175,139,3,Neutral
218,220,166,2,Warm
171,147,107,4,Warm
217,162,168,3,Warm
136,81,67,5,Neutral
204,172,174,3,Cool
177,159,142,4,Neutral
240,211,187,1,Cool
156,86,106,5,Neutral
142,93,100,5,Warm
219,170,171,3,Neutral
235,224,206,1,Neutral
226,187,162,2,Warm
121,97,102,5,Neutral
112,58,57,6,Warm
153,102,108,5,Neutral
193,182,180,3,Neutral
154,129,104,4,Warm
239,190,158,2,Warm
189,142,105,4,Warm
218,178,160,3,Warm
164,154,135,4,Neutral
249,209,184,1,Cool
123,118,105,5,Neutral
214,180,182,3,Cool
252,211,199,1,Warm
193,194,143,3,Neutral
191,177,175,3,Cool
187,184,155,3,Cool
122,128,80,5,Warm
97,50,79,6,Cool
225,202,172,2,Neutral
193,156,152,4,Cool
222,217,198,1,Cool
109,85,72,6,Cool
119,92,110,5,Neutral
172,172,133,4,Warm
62,46,73,6,Warm
169,160,113,4,Neutral
216,207,204,2,Cool
89,43,71,6,Neutral
160,152,118,4,Warm
162,157,134,4,Warm
228,183,151,3,Neutral
238,239,185,1,Warm
198,162,145,3,Cool
160,89,93,5,Warm
226,179,171,2,Neutral
178,148,154,4,Cool
221,217,201,2,Cool
182,152,135,4,Warm
211,186,147,3,Warm
181,131,144,4,Neutral
154,111,77,5,Cool
220,170,155,3,Cool
126,97,96,5,Warm
113,82,103,5,Neutral
202,167,151,3,Neutral
207,188,164,3,Neutral
174,160,112,4,Warm
227,204,203,1,Warm
187,191,151,3,Neutral
228,222,183,2,Neutral
242,219,189,1,Cool
239,186,182,2,Cool
218,190,151,3,Cool
210,167,178,3,Cool
199,137,105,4,Neutral
190,151,120,4,Neutral
154,159,137,4,Cool
220,196,173,2,Cool
104,86,76,6,Neutral
196,158,139,3,Neutral
170,144,114,4,Neutral
177,156,117,4,Cool
231,216,184,1,Warm
149,101,94,5,Neutral
192,179,143,3,Neutral
86,50,66,6,Cool
85,86,76,6,Cool
243,180,191,2,Neutral
221,156,175,3,Cool
222,212,202,2,Cool
210,219,176,2,Neutral
124,128,89,5,Neutral
202,188,136,3,Neutral
187,121,147,4,Cool
94,65,68,6,Cool
228,196,173,2,Warm
74,63,65,6,Cool
186,164,120,4,Neutral
211,172,164,3,Neutral
220,154,147,3,Cool
216,175,142,3,Warm
163,125,97,5,Warm
184,153,119,4,Neutral
234,220,198,1,Neutral
89,78,69,6,Cool
191,162,161,3,Cool
201,147,122,4,Cool
150,115,72,5,Neutral
185,142,132,4,Warm
143,106,92,5,Neutral
151,107,100,5,Warm
219,188,161,2,Warm
135,92,79,5,Cool
96,46,51,6,Neutral
77,80,72,6,Cool
181,157,110,4,Warm
218,198,172,2,Cool
79,63,52,6,Neutral
191,156,145,4,Cool
232,213,189,2,Warm
186,165,106,4,Warm
157,81,61,5,Warm
225,201,191,2,Neutral
97,44,32,6,Warm
152,103,93,5,Warm
244,222,187,2,Neutral
233,223,198,1,Warm
214,216,187,2,Neutral
233,230,179,1,Warm
72,52,49,6,Neutral
241,207,185,2,Neutral
250,232,204,1,Cool
200,173,153,3,Warm
217,195,157,3,Warm
157,158,138,4,Cool
177,158,136,4,Warm
72,45,69,6,Neutral
198,165,138,4,Neutral
159,171,132,4,Neutral
199,158,153,3,Cool
235,210,177,2,Neutral
229,204,198,2,Neutral
222,231,205,1,Cool
129,107,113,5,Cool
142,105,101,5,Neutral
239,230,192,1,Neutral
105,66,41,6,Neutral
65,76,59,6,Neutral
61,42,35,6,Neutral
219,209,174,2,Warm
148,97,106,5,Warm
239,218,174,2,Warm
190,197,155,3,Warm
227,188,178,2,Cool
235,223,189,1,Warm
135,119,92,5,Neutral
232,216,177,1,Warm
224,206,163,2,Warm
94,73,71,6,Cool
224,205,179,2,Warm
226,192,140,3,Warm
240,214,195,2,Cool
114,101,95,5,Neutral
176,146,153,4,Cool
184,131,116,4,Warm
191,176,179,3,Cool
185,170,159,3,Cool
117,121,96,5,Warm
100,61,68,6,Cool
225,194,128,3,Warm
229,215,199,2,Neutral
177,140,133,4,Warm
191,191,163,3,Neutral
114,116,63,5,Warm
231,208,190,1,Cool
112,97,99,5,Neutral
196,182,139,3,Cool
241,195,207,1,Cool
233,211,213,1,Cool
110,49,83,6,Cool
248,211,187,1,Warm
91,65,70,6,Neutral
237,214,188,2,Cool
163,152,131,4,Warm
197,162,173,3,Cool
146,131,73,5,Neutral
219,155,149,3,Warm
173,130,113,4,Neutral
224,211,202,2,Neutral
243,204,185,1,Cool
214,192,175,3,Cool
186,147,115,4,Warm
82,72,56,6,Neutral
227,205,165,2,Warm
244,233,191,1,Cool
218,163,157,3,Cool
219,210,184,2,Neutral
172,157,122,4,Neutral
174,164,137,4,Neutral
222,209,196,2,Neutral
199,159,119,4,Neutral
194,171,172,3,Neutral
226,220,180,1,Neutral
186,192,172,3,Neutral
189,159,147,3,Neutral
110,37,70,6,Neutral
70,69,55,6,Cool
229,186,167,2,Neutral
98,47,62,6,Warm
247,241,200,1,Warm
175,170,110,4,Warm
221,178,148,3,Cool
186,193,168,3,Neutral
201,133,135,4,Neutral
171,125,119,4,Warm
228,191,159,2,Warm
137,108,75,5,Cool
239,186,173,2,Neutral
191,158,144,4,Cool
92,54,65,6,Neutral
244,199,200,2,Neutral
73,81,39,6,Neutral
238,213,188,1,Neutral
170,133,119,4,Neutral
221,229,199,1,Cool
217,187,178,2,Warm
233,195,182,1,Neutral
217,223,187,2,Neutral
80,76,42,6,Warm
203,170,178,3,Cool
68,40,26,6,Warm
69,84,43,6,Warm
191,184,162,3,Neutral
224,179,159,3,Neutral
205,174,165,3,Neutral
83,52,63,6,Neutral
215,180,155,3,Cool
154,132,87,5,Neutral
135,108,108,5,Cool
135,80,67,5,Warm
254,220,196,1,Cool
226,219,186,2,Neutral
139,80,88,5,Cool
172,166,129,4,Cool
70,62,41,6,Cool
154,107,105,5,Warm
198,182,178,3,Cool
239,210,185,2,Neutral
191,162,138,3,Neutral
217,168,148,3,Warm
226,217,198,2,Neutral
179,167,170,3,Neutral
253,210,172,1,Warm
188,131,109,4,Neutral
194,185,171,3,Cool
225,223,207,1,Neutral
215,219,178,2,Neutral
110,74,54,6,Neutral
149,107,90,5,Cool
239,190,166,2,Neutral
187,159,171,3,Neutral
231,226,212,1,Neutral
205,173,179,3,Cool
228,185,202,2,Neutral
253,233,188,1,Warm
224,228,194,1,Warm
99,69,49,6,Neutral
133,93,107,5,Neutral
107,74,38,6,Neutral
80,43,61,6,Cool
132,111,87,5,Neutral
219,181,151,3,Neutral
82,62,76,6,Cool
215,161,129,3,Warm
237,204,203,2,Cool
213,194,158,3,Neutral
182,161,153,3,Neutral
134,97,98,5,Neutral
141,85,84,5,Warm
226,183,174,2,Neutral
253,237,207,1,Neutral
114,84,116,5,Neutral
199,141,105,4,Warm
222,220,188,2,Warm
73,61,58,6,Warm
221,210,187,2,Cool
149,88,77,5,Cool
182,150,178,3,Cool
155,92,111,5,Neutral
166,153,121,4,Warm
215,168,182,3,Cool
228,226,183,1,Neutral
194,190,169,3,Neutral
124,124,63,5,Warm
87,51,82,6,Cool
122,92,67,5,Warm
188,169,103,4,Warm
184,163,170,3,Neutral
129,108,110,5,Cool
128,102,114,5,Cool
250,202,206,1,Neutral
179,128,139,4,Warm
181,168,162,3,Cool
187,160,144,3,Neutral
156,157,118,4,Cool
224,187,181,2,Neutral
116,70,73,6,Warm
96,68,43,6,Neutral
227,163,170,3,Cool
244,193,212,1,Cool
81,81,77,6,Cool
189,158,179,3,Cool
246,200,196,2,Neutral
227,179,129,3,Warm
207,164,145,3,Warm
211,159,144,3,Warm
197,157,149,4,Neutral
174,145,158,4,Cool
159,133,118,4,Neutral
173,159,141,4,Warm
153,116,107,5,Cool
131,90,86,5,Neutral
172,128,131,4,Warm
136,95,77,5,Warm
184,193,187,3,Cool
181,151,114,4,Neutral
188,160,167,3,Cool
239,215,197,1,Warm
246,196,177,2,Warm
171,143,122,4,Warm
217,203,170,2,Cool
124,88,87,5,Warm
141,128,100,5,Cool
213,183,180,2,Cool
184,168,132,4,Warm
136,129,101,5,Neutral
243,206,198,1,Warm
139,101,101,5,Cool
195,143,121,4,Neutral
188,146,132,4,Neutral
124,91,114,5,Cool
182,148,157,4,Cool
84,70,75,6,Cool
238,199,180,2,Warm
166,145,130,4,Neutral
164,161,135,4,Warm
246,225,190,1,Neutral
216,184,172,2,Neutral
250,219,195,2,Neutral
212,187,134,3,Warm
163,172,138,4,Warm
83,66,68,6,Cool
152,121,88,5,Neutral
172,138,131,4,Neutral
237,205,184,2,Cool
237,184,189,2,Cool
203,183,168,3,Cool
130,86,116,5,Neutral
212,186,148,3,Neutral
221,176,166,3,Cool
241,211,155,2,Warm
212,210,173,2,Cool
105,48,75,6,Cool
159,103,95,5,Warm
163,152,119,4,Warm
89,71,42,6,Warm
167,163,154,4,Cool
213,163,163,3,Cool
218,167,132,3,Warm
240,201,175,2,Cool
179,159,147,4,Cool
202,158,115,4,Warm
104,80,49,6,Neutral
171,137,154,4,Cool
114,81,65,6,Warm
233,203,184,2,Neutral
66,49,39,6,Warm
92,60,81,6,Cool
252,215,204,1,Warm
200,178,131,3,Warm
122,133,82,5,Warm
65,88,72,6,Warm
224,225,211,1,Neutral
236,216,210,1,Cool
204,170,163,3,Cool
116,122,111,5,Cool
94,79,46,6,Neutral
157,164,129,4,Cool
87,73,62,6,Neutral
159,91,69,5,Neutral
248,203,206,1,Cool
76,70,39,6,Warm
205,160,156,3,Neutral
143,85,96,5,Neutral
190,171,127,4,Neutral
225,208,168,2,Cool
194,195,171,3,Neutral
239,206,195,1,Cool
223,199,195,2,Cool
179,136,138,4,Neutral
207,186,141,3,Warm
242,209,186,1,Cool
78,65,67,6,Cool
255,223,201,1,Warm
200,176,109,4,Warm
208,157,185,3,Cool
226,223,202,1,Warm
72,40,35,6,Neutral
177,155,136,4,Cool
245,220,162,2,Warm
245,216,189,1,Neutral
222,189,193,2,Cool
152,82,72,5,Cool
227,204,193,2,Warm
218,186,181,3,Cool
194,147,135,4,Warm
214,167,168,3,Cool
97,57,48,6,Cool
225,182,139,3,Warm
219,209,192,2,Neutral
198,169,100,4,Warm
109,57,59,6,Warm
215,213,171,2,Cool
89,89,36,6,Cool
124,105,101,5,Cool
193,181,132,3,Warm
162,144,122,4,Warm
97,83,53,6,Neutral
84,55,72,6,Neutral
150,86,111,5,Neutral
64,74,59,6,Warm
133,107,82,5,Cool
173,122,147,4,Cool
197,156,106,4,Warm
228,183,180,2,Neutral
104,72,30,6,Warm
70,73,31,6,Warm
137,97,108,5,Cool
234,212,204,1,Cool
169,156,154,4,Cool
228,222,200,1,Warm
148,125,76,5,Neutral
149,93,92,5,Neutral
141,112,78,5,Neutral
192,179,168,3,Neutral
247,223,207,1,Cool
166,140,148,4,Cool
109,77,44,6,Warm
104,52,58,6,Warm
116,114,97,5,Neutral
59,59,55,6,Warm
166,167,137,4,Warm
164,143,133,4,Cool
106,50,79,6,Cool
95,75,25,6,Warm
129,90,73,5,Neutral
200,130,114,4,Neutral
216,205,173,2,Neutral
226,206,195,1,Warm
186,163,126,4,Cool
88,70,70,6,Neutral
66,57,57,6,Neutral
145,97,83,5,Neutral
149,95,107,5,Cool
198,193,150,3,Cool
90,61,79,6,Cool
215,210,189,2,Warm
92,63,46,6,Warm
208,166,151,3,Cool
189,161,149,4,Cool
218,199,193,2,Warm
233,225,194,1,Warm
246,220,191,2,Neutral
135,86,111,5,Neutral
230,216,162,2,Warm
124,118,94,5,Warm
93,82,58,6,Cool
105,82,58,6,Neutral
209,182,175,2,Cool
146,95,116,5,Cool
62,51,75,6,Neutral
189,161,105,4,Warm
220,209,185,1,Neutral
106,61,55,6,Cool
189,192,141,3,Neutral
201,144,109,4,Neutral
222,151,165,3,Cool
127,117,73,5,Neutral
135,94,83,5,Cool
223,202,196,2,Cool
224,197,184,1,Neutral
189,160,148,3,Neutral
219,177,167,3,Warm
228,222,212,1,Neutral
220,196,211,1,Neutral
243,216,178,2,Warm
211,177,149,3,Warm
124,113,120,5,Cool
166,144,107,4,Warm
242,220,178,1,Warm
149,90,84,5,Warm
107,54,49,6,Warm
243,193,167,2,Neutral
228,226,185,1,Warm
85,51,48,6,Warm
73,71,38,6,Cool
171,128,152,4,Cool
239,205,187,1,Neutral
220,184,156,3,Cool
165,144,130,4,Warm
145,127,96,5,Warm
230,195,190,2,Warm
196,162,154,3,Neutral
168,147,127,4,Neutral
224,230,192,1,Neutral
104,38,60,6,Warm
116,120,94,5,Neutral
151,122,97,5,Warm
90,61,79,6,Cool
210,185,159,3,Cool
92,67,65,6,Cool
214,219,199,2,Cool
80,40,44,6,Neutral
224,193,184,2,Warm
222,209,214,1,Cool
109,84,54,6,Cool
90,72,44,6,Neutral
169,133,145,4,Neutral
80,44,55,6,Cool
78,90,36,6,Neutral
239,227,195,1,Warm
165,157,121,4,Cool
152,145,152,4,Cool
77,74,74,6,Neutral
134,98,81,5,Cool
91,54,30,6,Warm
100,46,58,6,Cool
195,169,164,3,Warm
188,169,153,3,Neutral
122,103,89,5,Cool
198,160,126,4,Warm
217,161,177,3,Neutral
228,236,189,1,Warm
228,168,134,3,Warm
80,88,81,6,Cool
240,222,200,1,Warm
234,209,172,2,Warm
190,136,119,4,Neutral
185,175,143,3,Neutral
179,139,130,4,Neutral
84,86,68,6,Neutral
213,178,154,3,Warm
157,84,95,5,Cool
159,144,141,4,Cool
101,61,53,6,Warm
163,162,113,4,Warm
160,144,124,4,Neutral
155,121,108,5,Warm
249,240,203,1,Cool
182,150,118,4,Cool
219,201,164,2,Warm
122,126,101,5,Cool
223,181,139,3,Warm
188,166,109,4,Neutral
249,196,163,2,Warm
80,87,48,6,Cool
180,145,120,4,Cool
172,126,151,4,Cool
212,182,153,3,Neutral
220,206,179,2,Warm
148,124,64,5,Warm
188,147,115,4,Neutral
198,152,183,3,Cool
224,180,185,3,Cool
219,202,184,1,Warm
124,95,85,5,Cool
224,190,174,3,Cool
207,187,152,3,Cool
228,185,164,3,Cool
236,235,203,1,Warm
148,127,107,5,Cool
190,178,185,3,Cool
213,214,186,2,Cool
63,40,59,6,Neutral
233,187,202,2,Cool
100,82,66,6,Neutral
189,164,184,3,Cool
213,177,151,3,Warm
222,191,194,2,Warm
118,88,78,5,Warm
162,135,137,4,Neutral
104,73,76,6,Cool
163,133,134,4,Cool
69,84,37,6,Neutral
244,225,203,1,Warm
146,123,110,5,Cool
63,55,41,6,Neutral
172,140,137,4,Cool
234,204,174,2,Warm
183,131,151,4,Neutral
242,197,168,2,Neutral
227,208,181,1,Warm
227,181,202,2,Cool
196,156,168,3,Neutral
196,131,132,4,Cool
155,120,103,5,Neutral
162,164,115,4,Warm
72,66,80,6,Cool
78,62,39,6,Warm
165,161,140,4,Neutral
189,167,131,4,Neutral
211,198,173,2,Cool
238,237,203,1,Neutral
177,155,142,3,Neutral
224,175,141,3,Warm
74,57,34,6,Cool
237,204,204,1,Warm
95,42,70,6,Cool
214,183,175,3,Neutral
167,166,106,4,Warm
240,191,179,2,Warm
243,213,197,2,Cool
184,192,145,3,Cool
223,193,181,2,Warm
91,76,49,6,Cool
244,192,200,2,Neutral
243,221,203,1,Warm
94,47,79,6,Cool
243,239,196,1,Neutral
176,167,139,4,Neutral
207,199,147,3,Warm
146,95,100,5,Warm
246,229,179,1,Warm
139,107,111,5,Neutral
245,231,181,1,Warm
220,212,175,2,Cool
120,119,95,5,Warm
135,110,75,5,Warm
193,130,116,4,Warm
212,181,184,3,Cool
154,102,99,5,Neutral
151,99,67,5,Warm
237,235,201,1,Neutral
237,191,185,2,Neutral
250,210,184,2,Neutral
159,148,155,4,Cool
148,83,108,5,Neutral
78,72,76,6,Cool
65,63,67,6,Warm
222,217,157,2,Warm
185,195,160,3,Cool
114,123,79,5,Neutral
76,71,69,6,Cool
225,219,185,2,Neutral
200,135,136,4,Cool
234,229,198,1,Neutral
250,237,190,1,Cool
216,185,145,3,Cool
110,87,80,6,Cool
179,160,111,4,Warm
190,134,108,4,Neutral
187,127,109,4,Warm
67,71,48,6,Cool
185,166,156,3,Cool
175,131,131,4,Neutral
248,206,186,1,Warm
116,110,90,5,Neutral
181,158,157,4,Cool
210,202,188,2,Cool
235,205,184,2,Cool
171,150,131,4,Warm
223,185,158,2,Warm
170,143,154,4,Cool
99,80,51,6,Neutral
212,190,141,3,Neutral
133,92,87,5,Warm
139,113,97,5,Neutral
232,217,213,1,Cool
69,78,48,6,Cool
88,60,78,6,Cool
123,127,114,5,Neutral
106,43,52,6,Warm
234,180,182,2,Cool
184,145,111,4,Neutral
150,89,94,5,Neutral
239,187,196,2,Cool
122,122,97,5,Warm
242,182,192,2,Cool
213,195,155,3,Warm
189,137,146,4,Cool
217,165,136,3,Neutral
163,132,126,4,Cool
123,120,119,5,Cool
204,185,129,3,Warm
147,133,72,5,Warm
221,220,170,2,Warm
224,215,176,2,Warm
244,200,177,1,Warm
147,103,80,5,Cool
147,125,72,5,Neutral
228,242,181,1,Warm
124,101,87,5,Cool
231,225,203,1,Cool
90,75,54,6,Cool
166,129,145,4,Cool
128,113,74,5,Neutral
189,174,161,3,Warm
240,194,199,2,Cool
143,100,114,5,Neutral
250,227,192,1,Neutral
177,153,115,4,Warm
248,223,188,1,Warm
201,124,132,4,Warm
175,140,124,4,Neutral
224,179,140,3,Warm
198,161,114,4,Warm
90,44,39,6,Cool
114,65,65,6,Warm
101,63,45,6,Neutral
144,105,103,5,Warm
244,200,160,2,Warm
167,139,140,4,Cool
241,188,162,2,Neutral
83,77,72,6,Warm
201,156,179,3,Cool
190,158,136,4,Cool
138,126,114,5,Neutral
214,188,195,2,Cool
219,179,172,3,Cool
155,120,72,5,Cool
66,83,50,6,Neutral
216,163,181,3,Cool
219,213,155,2,Warm
66,67,68,6,Cool
223,208,191,1,Neutral
243,225,213,1,Cool
225,167,160,3,Cool
247,231,208,1,Neutral
69,67,39,6,Neutral
158,169,154,4,Cool
83,79,28,6,Warm
114,91,86,5,Warm
217,169,164,3,Cool
252,214,185,1,Neutral
166,130,116,4,Warm
163,168,147,4,Cool
195,158,126,4,Neutral
229,200,174,1,Warm
223,175,151,3,Neutral
190,141,140,4,Neutral
129,82,87,5,Warm
167,152,137,4,Cool
181,149,134,4,Cool
183,130,131,4,Warm
154,145,153,4,Cool
201,148,143,4,Cool
145,93,73,5,Warm
205,182,152,3,Neutral
146,127,91,5,Warm
178,135,140,4,Cool
238,215,202,1,Warm
67,53,84,6,Cool
210,156,141,3,Warm
236,229,189,1,Warm
192,154,121,4,Warm
202,140,106,4,Warm
72,49,53,6,Cool
169,154,128,4,Warm
75,64,32,6,Neutral
72,64,28,6,Warm
229,193,170,2,Neutral
183,145,123,4,Warm
197,126,152,4,Cool
162,88,95,5,Neutral
99,54,62,6,Cool
229,202,185,1,Cool
80,81,65,6,Warm
248,198,192,1,Neutral
163,165,140,4,Cool
192,195,152,3,Neutral
228,202,200,1,Cool
123,102,82,5,Warm
103,84,59,6,Neutral
90,44,48,6,Neutral
224,188,195,2,Neutral
210,203,176,2,Neutral
221,176,144,3,Warm
189,162,129,4,Cool
210,168,170,3,Cool
63,78,41,6,Warm
97,87,71,6,Warm
110,70,27,6,Warm
188,142,141,4,Cool
223,224,203,1,Cool
203,159,154,3,Cool
61,58,53,6,Cool
251,224,173,2,Warm
135,97,90,5,Cool
194,177,149,3,Warm
72,87,52,6,Warm
132,131,92,5,Warm
81,38,83,6,Cool
218,192,179,2,Neutral
126,113,95,5,Cool
227,221,193,2,Cool
120,111,66,5,Warm
252,212,191,1,Neutral
65,48,47,6,Cool
199,178,166,3,Warm
215,166,161,3,Warm
196,163,154,3,Neutral
165,152,109,4,Neutral
227,191,162,3,Warm
235,202,177,2,Warm
237,194,177,2,Cool
196,172,132,4,Warm
97,74,35,6,Cool
234,204,196,1,Cool
155,125,111,5,Cool
176,129,141,4,Cool
88,67,51,6,Warm
224,202,201,1,Neutral
232,194,189,2,Cool
130,104,79,5,Warm
209,188,170,3,Cool
221,196,189,2,Warm
155,86,90,5,Neutral
249,231,210,1,Neutral
107,65,43,6,Cool
85,86,67,6,Warm
160,124,73,5,Neutral
190,189,184,3,Cool
218,190,163,3,Cool
180,164,144,3,Neutral
190,142,97,4,Warm
199,143,148,4,Cool
105,78,56,6,Warm
129,83,59,5,Warm
201,163,122,4,Warm
190,167,143,3,Warm
221,186,208,2,Cool
209,215,184,2,Neutral
145,111,106,5,Neutral
229,197,183,2,Cool
222,195,169,2,Warm
180,156,100,4,Warm
117,115,86,5,Neutral
220,205,184,2,Cool
240,188,201,2,Cool
141,122,88,5,Warm
123,90,83,5,Warm
153,109,94,5,Neutral
157,155,119,4,Neutral
163,145,123,4,Warm
151,119,72,5,Neutral
231,210,162,2,Warm
169,128,114,4,Warm
243,221,203,1,Cool
165,146,123,4,Warm
205,168,146,3,Neutral
138,84,78,5,Cool
190,137,131,4,Warm
239,215,171,2,Warm
113,121,105,5,Cool
214,229,194,1,Neutral
132,122,103,5,Cool
106,54,72,6,Neutral
232,188,190,2,Cool
200,160,176,3,Neutral
119,94,104,5,Warm
208,190,136,3,Warm
123,90,99,5,Cool
78,63,40,6,Neutral
126,97,103,5,Neutral
194,191,158,3,Warm
89,39,45,6,Neutral
217,178,125,3,Warm
58,86,41,6,Neutral
108,49,75,6,Neutral
191,161,149,4,Cool
113,53,84,6,Cool
121,99,107,5,Cool
84,85,30,6,Warm
68,76,75,6,Neutral
233,202,193,2,Cool
109,72,54,6,Warm
238,220,193,2,Cool
139,86,112,5,Cool
229,181,159,3,Warm
140,103,101,5,Cool
202,149,151,4,Cool
152,111,114,5,Neutral
224,177,155,3,Cool
146,85,71,5,Neutral
203,177,136,3,Neutral
158,157,133,4,Cool
240,228,171,2,Warm
197,192,143,3,Warm
75,39,63,6,Neutral
225,186,185,2,Neutral
160,93,85,5,Warm
154,81,105,5,Cool
94,88,70,6,Neutral
67,83,45,6,Cool
68,71,74,6,Neutral
65,49,76,6,Cool
95,74,86,6,Cool
134,122,92,5,Warm
224,199,181,2,Neutral
107,136,81,5,Neutral
108,47,55,6,Cool
84,78,40,6,Cool
114,109,88,5,Neutral
204,197,149,3,Warm
161,99,89,5,Warm
119,100,69,5,Neutral
169,154,123,4,Neutral
181,140,128,4,Cool
121,87,112,5,Neutral
146,116,107,5,Warm
211,177,187,3,Cool
72,71,39,6,Cool
69,85,76,6,Warm
238,194,175,2,Warm
229,202,191,2,Neutral
247,197,161,2,Warm
233,212,185,2,Neutral
63,72,64,6,Cool
218,201,171,2,Warm
243,219,176,2,Neutral
147,105,64,5,Warm
153,124,141,4,Cool
150,103,62,5,Warm
242,218,193,1,Cool
215,167,154,3,Neutral
197,123,124,4,Cool
112,46,41,6,Neutral
245,211,168,2,Warm
171,164,123,4,Warm
66,77,66,6,Neutral
213,206,194,2,Warm
238,207,189,2,Warm
235,227,186,1,Cool
80,55,69,6,Warm
73,57,57,6,Neutral
198,169,165,3,Neutral
162,153,115,4,Cool
140,108,72,5,Warm
133,101,93,5,Cool
230,227,195,1,Warm
166,160,142,4,Neutral
211,192,165,3,Neutral
104,42,29,6,Neutral
65,80,50,6,Warm
201,173,151,3,Cool
211,189,204,2,Cool
222,217,200,2,Neutral
170,163,123,4,Cool
89,50,69,6,Cool
189,185,162,3,Warm
173,153,138,4,Warm
215,210,179,2,Warm
143,119,102,5,Neutral
238,220,192,1,Warm
205,190,159,3,Cool
245,200,181,2,Warm
136,125,88,5,Neutral
217,197,161,3,Warm
181,149,130,4,Cool
151,102,97,5,Neutral
153,74,98,5,Neutral
163,160,125,4,Neutral
204,153,162,3,Cool
208,187,149,3,Neutral
60,68,44,6,Cool
211,185,174,3,Neutral
222,164,135,3,Neutral
108,53,63,6,Neutral
226,200,189,1,Warm
234,216,197,2,Neutral
108,94,113,5,Cool
211,159,146,3,Warm
227,198,155,2,Warm
229,223,208,1,Cool
189,170,137,3,Neutral
188,179,154,3,Warm
158,162,139,4,Cool
163,149,134,4,Warm
97,85,35,6,Neutral
83,62,55,6,Warm
241,200,185,1,Neutral
228,208,188,2,Warm
232,219,202,1,Cool
148,107,90,5,Warm
154,163,135,4,Cool
249,220,182,1,Warm
241,230,200,1,Neutral
238,217,183,1,Warm
152,119,97,5,Neutral
190,190,159,3,Cool
233,227,186,1,Warm
189,138,132,4,Cool
243,214,189,1,Neutral
101,40,65,6,Cool
131,116,79,5,Warm
215,207,172,2,Cool
82,42,66,6,Neutral
102,51,41,6,Warm
110,79,35,6,Neutral
131,85,86,5,Cool
232,180,192,2,Cool
127,83,100,5,Neutral
159,168,117,4,Neutral
164,164,140,4,Neutral
234,209,201,2,Cool
116,103,94,5,Neutral
163,144,120,4,Cool
188,164,118,4,Cool
191,155,143,3,Warm
84,43,47,6,Cool
207,180,162,3,Warm
172,139,106,4,Neutral
236,211,204,2,Cool
238,211,192,1,Neutral
220,218,202,1,Neutral
180,132,130,4,Neutral
108,88,63,6,Warm
120,105,71,5,Warm
152,89,94,5,Cool
160,152,158,4,Cool
191,167,165,3,Cool
211,169,140,3,Warm
239,208,179,2,Cool
123,88,73,5,Neutral
239,200,173,1,Warm
178,153,123,4,Cool
234,233,197,1,Cool
185,165,127,4,Neutral
115,92,101,5,Neutral
162,145,119,4,Neutral
198,180,181,3,Cool
186,148,136,4,Warm
235,193,191,2,Warm
124,124,88,5,Warm
163,154,107,4,Neutral
99,62,43,6,Cool
88,60,51,6,Warm
64,47,48,6,Warm
158,156,137,4,Cool
219,182,138,3,Neutral
230,212,193,2,Cool
235,209,158,2,Neutral
111,40,35,6,Neutral
186,189,159,3,Cool
242,196,185,2,Neutral
192,143,133,4,Cool
230,204,199,1,Neutral
223,171,143,3,Warm
227,227,196,1,Warm
156,129,151,4,Cool
235,227,183,1,Warm
119,91,76,5,Neutral
128,100,76,5,Neutral
233,231,189,1,Neutral
203,185,149,3,Neutral
223,197,197,1,Cool
237,205,186,2,Cool
223,214,162,2,Warm
101,49,54,6,Neutral
156,112,94,5,Cool
116,44,47,6,Warm
217,196,148,2,Warm
244,196,209,1,Cool
66,65,53,6,Warm
136,112,94,5,Warm
112,52,41,6,Warm
182,158,132,4,Warm
65,75,42,6,Warm
122,108,104,5,Neutral
150,106,88,5,Cool
157,136,113,4,Neutral
206,180,169,3,Neutral
223,221,204,1,Neutral
223,235,178,1,Warm
93,83,83,6,Neutral
249,215,196,1,Cool
153,122,92,5,Cool
209,184,143,3,Neutral
203,153,158,3,Cool
124,95,108,5,Warm
179,163,137,4,Cool
58,71,55,6,Warm
91,54,71,6,Cool
212,172,168,3,Cool
115,103,87,5,Cool
219,195,140,3,Warm
145,129,92,5,Cool
145,112,97,5,Cool
199,168,151,3,Warm
213,185,162,3,Neutral
239,192,186,2,Cool
201,136,110,4,Warm
223,218,186,1,Neutral
249,217,200,1,Neutral
153,123,91,5,Warm
77,85,71,6,Cool
250,214,192,1,Cool
179,138,115,4,Warm
153,92,88,5,Neutral
187,174,110,4,Warm
205,183,148,3,Neutral
232,193,182,2,Warm
211,185,154,3,Cool
121,100,112,5,Cool
205,194,203,2,Cool
157,132,132,4,Neutral
96,70,67,6,Neutral
211,223,176,2,Neutral
238,205,182,1,Neutral
186,156,139,4,Cool
172,163,141,4,Cool
196,173,179,3,Cool
142,102,96,5,Cool
159,128,152,4,Cool
206,181,141,3,Neutral
224,215,185,2,Cool
69,79,30,6,Neutral
125,124,109,5,Cool
243,196,200,1,Neutral
236,235,209,1,Cool
130,106,82,5,Neutral
177,148,140,4,Cool
236,206,201,2,Cool
190,173,176,3,Cool
209,176,174,3,Cool
217,180,167,3,Neutral
220,159,183,3,Cool
199,201,146,3,Warm
188,173,138,3,Warm
94,44,34,6,Neutral
238,228,174,1,Warm
121,120,99,5,Neutral
86,41,56,6,Neutral
174,155,104,4,Warm
224,193,181,3,Cool
179,146,123,4,Cool
88,35,58,6,Warm
200,161,141,3,Neutral
245,190,187,2,Warm
249,226,188,1,Neutral
96,41,69,6,Cool
154,106,112,5,Neutral
221,163,138,3,Neutral
118,123,95,5,Neutral
122,92,112,5,Neutral
219,181,191,2,Cool
218,189,142,3,Neutral
146,126,83,5,Neutral
124,86,90,5,Warm
96,80,59,6,Neutral
73,79,62,6,Warm
217,190,160,3,Warm
82,49,39,6,Cool
60,76,56,6,Warm
201,132,124,4,Warm
208,213,186,2,Cool
254,213,200,1,Neutral
249,205,208,1,Cool
137,135,61,5,Warm
190,195,144,3,Neutral
200,161,117,4,Cool
129,83,72,5,Warm
172,134,139,4,Warm
208,169,167,3,Warm
214,187,176,2,Warm
215,182,150,3,Neutral
254,213,174,1,Warm
160,127,128,4,Warm
218,180,169,2,Neutral
191,195,164,3,Warm
124,105,113,5,Warm
235,231,186,1,Cool
163,150,142,4,Neutral
115,75,63,6,Warm
169,163,124,4,Neutral
160,165,113,4,Neutral
156,101,118,5,Cool
129,96,105,5,Cool
115,107,109,5,Warm
206,183,153,3,Warm
117,100,111,5,Neutral
77,50,84,6,Cool
130,111,119,5,Cool
174,130,151,4,Cool
132,110,112,5,Neutral
106,46,56,6,Warm
101,45,35,6,Warm
168,165,148,4,Cool
196,175,176,3,Cool
217,211,189,1,Neutral
239,215,196,1,Cool
242,208,201,1,Neutral
110,44,35,6,Neutral
129,103,72,5,Neutral
252,228,204,1,Warm
213,200,169,2,Neutral
84,89,69,6,Neutral
164,163,138,4,Warm
143,110,85,5,Cool
185,170,166,3,Cool
244,230,181,1,Warm
150,113,88,5,Neutral
208,174,139,3,Warm
214,182,134,3,Warm
160,114,86,5,Warm
239,212,177,2,Cool
208,169,128,3,Warm
193,196,144,3,Neutral
244,232,181,1,Warm
204,189,176,3,Cool
157,138,102,4,Warm
75,89,53,6,Warm
247,230,207,1,Neutral
64,46,76,6,Cool
118,44,37,6,Warm
161,139,107,4,Warm
152,115,65,5,Warm
212,178,145,3,Warm
66,45,46,6,Warm
173,146,125,4,Neutral
160,107,118,5,Cool
156,124,99,5,Warm
144,116,114,5,Cool
234,195,198,2,Neutral
193,127,112,4,Warm
112,43,35,6,Warm
160,139,108,4,Warm
234,202,209,1,Warm
119,82,88,5,Cool
109,77,70,6,Warm
63,64,54,6,Warm
206,167,156,3,Cool
222,192,185,2,Cool
219,174,145,3,Neutral
229,208,196,2,Cool
117,114,71,5,Neutral
134,96,81,5,Warm
187,130,134,4,Neutral
195,159,111,4,Warm
118,88,109,5,Neutral
195,169,150,3,Cool
181,132,133,4,Cool
234,221,187,1,Cool
209,178,161,3,Warm
190,175,156,3,Cool
232,199,168,2,Neutral
191,149,162,4,Cool
230,205,171,2,Neutral
108,101,111,5,Cool
224,199,201,1,Cool
141,127,70,5,Neutral
60,72,53,6,Neutral
213,182,139,3,Warm
166,130,122,4,Cool
133,116,116,5,Cool
202,157,138,4,Warm
156,93,103,5,Cool
228,180,185,2,Cool
234,217,185,2,Warm
131,112,89,5,Cool
186,171,179,3,Cool
227,199,205,1,Cool
214,153,136,3,Neutral
108,108,69,5,Neutral
221,163,130,3,Warm
212,176,184,2,Cool
191,156,143,4,Cool
223,224,180,2,Warm
226,217,169,2,Neutral
165,169,106,4,Warm
212,194,189,2,Neutral
207,182,190,2,Neutral
194,153,138,4,Cool
159,127,66,5,Warm
182,150,118,4,Neutral
219,193,185,2,Warm
211,173,177,3,Cool
98,44,47,6,Neutral
217,175,153,3,Warm
189,145,134,4,Neutral
106,70,37,6,Neutral
180,168,136,4,Neutral
229,210,205,1,Neutral
213,200,201,2,Neutral
171,158,139,4,Warm
231,205,169,2,Cool
202,190,153,3,Cool
134,107,78,5,Cool
130,92,104,5,Cool
226,188,184,2,Cool
228,195,193,2,Cool
218,214,178,2,Neutral
232,220,204,1,Neutral
211,175,159,3,Cool
73,75,62,6,Warm
153,106,115,5,Cool
216,173,154,3,Cool
72,73,46,6,Cool
140,84,61,5,Warm
246,194,189,1,Cool
158,118,79,5,Neutral
67,87,63,6,Neutral
218,193,156,2,Warm
214,209,170,2,Warm
214,201,196,2,Cool
192,165,121,4,Warm
214,185,133,3,Warm
206,175,135,3,Warm
160,137,126,4,Cool
191,136,128,4,Neutral
146,126,90,5,Neutral
94,88,55,6,Neutral
181,162,111,4,Neutral
86,80,53,6,Warm
66,82,55,6,Neutral
154,95,93,5,Warm
181,189,148,3,Cool
71,84,41,6,Warm
206,186,160,3,Cool
239,184,174,2,Neutral
200,196,177,3,Cool
155,120,109,5,Cool
214,165,147,3,Warm
210,171,162,3,Cool
136,89,78,5,Warm
223,226,188,1,Cool
171,130,126,4,Neutral
176,159,119,4,Cool
161,137,112,4,Warm
161,162,117,4,Cool
197,128,132,4,Cool
129,109,86,5,Warm
225,183,181,2,Neutral
250,224,201,1,Warm
138,117,102,5,Neutral
188,161,138,4,Warm
211,166,130,3,Warm
192,164,184,3,Cool
169,133,140,4,Neutral
216,190,136,3,Warm
86,49,34,6,Neutral
224,197,188,2,Neutral
114,91,72,5,Neutral
225,222,203,1,Warm
138,114,114,5,Cool
190,181,157,3,Neutral
188,164,155,3,Cool
198,169,159,3,Warm
239,210,203,2,Cool
240,199,183,1,Neutral
254,222,205,1,Cool
229,216,187,2,Cool
248,232,176,1,Warm
133,84,109,5,Warm
221,184,172,2,Cool
90,61,30,6,Warm
169,136,146,4,Cool
74,42,39,6,Neutral
71,82,29,6,Warm
81,31,29,6,Warm
166,169,111,4,Warm
242,223,197,1,Neutral
148,117,84,5,Warm
228,226,187,2,Warm
74,83,72,6,Neutral
214,211,172,2,Warm
178,146,137,4,Cool
174,134,141,4,Neutral
154,160,158,4,Cool
153,121,104,5,Warm
83,72,40,6,Neutral
170,173,123,4,Neutral
221,223,193,1,Warm
104,52,65,6,Warm
148,118,113,5,Cool
234,187,186,2,Cool
215,219,163,2,Neutral
211,163,155,3,Neutral
203,138,134,4,Warm
58,80,60,6,Cool
163,146,143,4,Neutral
225,185,178,3,Neutral
136,83,102,5,Neutral
231,204,155,2,Warm
196,178,162,3,Neutral
220,173,140,3,Neutral
196,153,112,4,Neutral
201,137,134,4,Cool
128,85,70,5,Warm
236,210,195,1,Warm
198,189,163,3,Cool
192,167,162,3,Cool
233,207,185,2,Warm
119,83,64,6,Warm
141,101,103,5,Cool
188,162,184,3,Cool
144,86,98,5,Cool
222,208,196,2,Cool
196,136,119,4,Neutral
225,184,150,3,Cool
110,48,47,6,Warm
240,202,155,2,Warm
242,187,175,2,Warm
160,133,132,4,Neutral
250,214,198,1,Cool
219,182,162,3,Warm
212,192,164,3,Warm
252,204,194,1,Neutral
158,94,73,5,Warm
137,116,112,5,Cool
235,187,194,2,Cool
149,105,102,5,Cool
188,163,166,3,Cool
102,74,70,6,Cool
101,54,51,6,Neutral
236,208,177,2,Warm
180,127,125,4,Cool
229,205,158,2,Warm
244,220,183,2,Neutral
205,178,142,3,Warm
229,174,159,3,Neutral
218,199,168,2,Neutral
200,168,142,3,Neutral
135,83,87,5,Cool
252,219,180,1,Warm
159,130,89,5,Warm
227,201,161,2,Warm
151,132,71,5,Warm
122,130,84,5,Neutral
116,116,90,5,Warm
170,133,103,4,Warm
190,166,106,4,Warm
237,178,183,2,Neutral
187,167,148,4,Cool
223,223,170,2,Neutral
244,232,191,1,Cool
203,171,153,3,Cool
116,109,103,5,Warm
195,176,185,3,Cool
168,170,122,4,Warm
224,204,157,2,Warm
237,196,215,1,Cool
213,179,145,3,Cool
78,89,61,6,Neutral
190,134,125,4,Warm
231,209,171,2,Warm
86,85,50,6,Warm
206,170,174,3,Cool
254,231,197,1,Warm
197,185,158,3,Warm
195,130,143,4,Cool
60,65,73,6,Warm
231,183,178,2,Neutral
133,120,72,5,Neutral
197,145,103,4,Warm
196,164,137,4,Warm
156,108,93,5,Neutral
224,216,174,2,Neutral
232,230,199,1,Warm
151,105,93,5,Neutral
198,154,129,4,Warm
218,181,190,2,Neutral
154,126,139,4,Cool
242,206,181,1,Warm
255,215,207,1,Neutral
223,195,190,2,Warm
232,205,188,2,Neutral
215,175,153,2,Warm
154,92,70,5,Warm
78,43,66,6,Neutral
161,157,109,4,Warm
141,88,88,5,Neutral
214,217,188,2,Warm
210,189,155,3,Neutral
243,240,178,1,Warm
117,107,97,5,Cool
235,193,167,2,Neutral
59,71,70,6,Neutral
244,217,194,2,Warm
153,121,105,5,Warm
136,104,78,5,Warm
203,155,98,4,Warm
191,126,109,4,Neutral
238,198,181,2,Cool
162,154,120,4,Neutral
219,176,162,3,Warm
206,178,153,3,Cool
123,82,79,5,Warm
230,185,145,3,Warm
223,169,166,3,Cool
226,181,163,3,Warm
184,140,121,4,Cool
174,148,132,4,Cool
201,166,153,3,Neutral
204,166,148,3,Neutral
227,208,197,2,Neutral
221,167,171,3,Neutral
240,208,190,1,Neutral
135,81,98,5,Warm
148,97,83,5,Neutral
186,174,165,3,Warm
123,117,82,5,Warm
130,101,96,5,Neutral
154,103,79,5,Neutral
249,183,184,2,Warm
212,166,151,3,Warm
185,186,178,3,Cool
205,175,174,3,Neutral
165,139,121,4,Warm
255,209,192,1,Warm
232,202,171,2,Cool
179,130,154,4,Cool
232,225,190,1,Warm
232,233,176,1,Neutral
193,172,147,3,Cool
193,163,177,3,Cool
198,174,157,3,Neutral
155,101,104,5,Neutral
135,114,112,5,Cool
194,196,164,3,Neutral
146,86,70,5,Neutral
119,100,75,5,Cool
226,181,175,2,Cool
73,68,63,6,Warm
206,184,163,3,Neutral
98,86,44,6,Neutral
232,235,187,1,Neutral
72,69,61,6,Warm
117,100,101,5,Neutral
237,238,180,1,Warm
109,104,85,5,Neutral
202,161,155,3,Cool
126,118,83,5,Neutral
194,132,144,4,Neutral
180,148,157,4,Cool
243,204,189,1,Warm
168,126,117,4,Neutral
193,135,119,4,Cool
73,63,43,6,Neutral
242,202,194,2,Warm
153,130,65,5,Warm
115,63,54,6,Warm
211,181,176,3,Neutral
84,57,80,6,Cool
213,195,157,3,Neutral
221,200,184,1,Neutral
115,96,98,5,Cool
238,195,179,2,Cool
228,198,181,2,Neutral
235,200,214,1,Cool
62,77,49,6,Neutral
154,146,126,4,Warm
71,45,27,6,Warm
204,178,150,3,Warm
204,180,166,3,Cool
173,129,145,4,Neutral
87,42,56,6,Neutral
182,164,154,3,Cool
209,187,196,2,Neutral
133,78,105,5,Warm
217,198,194,2,Cool
197,190,165,3,Warm
176,165,148,4,Cool
223,222,190,2,Warm
183,151,131,4,Warm
135,117,96,5,Warm
182,166,119,4,Neutral
236,225,180,1,Neutral
218,182,168,3,Neutral
75,61,68,6,Neutral
208,159,136,3,Neutral
240,199,210,1,Cool
190,185,139,3,Warm
93,58,77,6,Cool
236,215,173,2,Warm
228,212,186,1,Warm
243,217,190,2,Neutral
94,79,34,6,Warm
190,169,171,3,Neutral
233,215,185,1,Neutral
93,48,75,6,Neutral
236,211,182,2,Cool
213,184,144,3,Warm
75,88,77,6,Neutral
246,212,192,1,Warm
225,207,206,1,Neutral
167,82,73,5,Warm
77,72,51,6,Neutral
232,207,184,1,Warm
184,154,150,4,Cool
230,193,199,2,Cool
185,143,146,4,Cool
189,165,166,3,Neutral
94,70,39,6,Cool
228,212,176,2,Cool
86,72,57,6,Warm
208,192,173,2,Neutral
137,97,71,5,Neutral
200,133,110,4,Neutral
150,121,89,5,Warm
226,217,179,2,Warm
246,209,187,1,Cool
249,216,171,2,Warm
225,190,182,2,Cool
236,203,198,1,Neutral
96,47,43,6,Warm
223,231,194,1,Neutral
187,146,144,4,Neutral
101,63,54,6,Cool
238,218,177,1,Warm
198,136,135,4,Neutral
228,200,180,1,Neutral
92,75,48,6,Cool
157,138,138,4,Cool
134,104,101,5,Cool
155,110,85,5,Neutral
139,100,84,5,Cool
115,88,98,5,Warm
188,196,143,3,Warm
217,189,135,3,Warm
62,62,79,6,Cool
73,44,61,6,Cool
223,213,185,1,Neutral
192,179,159,3,Cool
165,165,133,4,Cool
87,61,73,6,Neutral
216,149,175,3,Neutral
227,192,184,2,Cool
67,78,50,6,Neutral
243,214,193,1,Warm
117,105,104,5,Neutral
101,59,66,6,Warm
215,205,173,2,Neutral
228,215,200,1,Neutral
198,137,150,4,Neutral
246,198,200,1,Cool
228,216,186,1,Cool
220,191,159,3,Neutral
198,126,142,4,Neutral
248,211,199,1,Cool
185,159,143,4,Cool
121,92,99,5,Neutral
210,168,162,3,Neutral
177,153,118,4,Warm
214,158,165,3,Neutral
222,188,165,3,Warm
197,143,134,4,Cool
247,236,201,1,Cool
196,126,124,4,Neutral
61,70,41,6,Neutral
221,182,173,3,Neutral
140,126,102,5,Warm
95,78,48,6,Cool
162,130,97,4,Warm
201,156,120,4,Neutral
246,222,189,2,Neutral
120,92,93,5,Cool
227,214,191,1,Neutral
217,164,137,3,Warm
150,94,71,5,Neutral
76,49,69,6,Neutral
206,193,160,3,Cool
119,132,87,5,Warm
231,235,191,1,Warm
230,196,179,2,Cool
96,55,54,6,Warm
133,125,99,5,Cool
209,195,161,3,Neutral
103,49,32,6,Warm
128,104,103,5,Cool
128,114,89,5,Cool
210,158,173,3,Cool
66,70,31,6,Warm
88,90,62,6,Warm
108,54,34,6,Neutral
80,54,60,6,Neutral
212,191,169,2,Neutral
218,190,138,3,Neutral
247,235,178,1,Warm
228,192,204,1,Cool
100,76,58,6,Neutral
222,202,157,2,Warm
251,226,185,1,Warm
237,221,187,1,Neutral
213,160,178,3,Cool
71,47,38,6,Neutral
158,129,65,5,Warm
168,135,136,4,Warm
134,113,104,5,Neutral
113,48,50,6,Neutral
63,61,36,6,Neutral
138,101,85,5,Warm
175,154,118,4,Neutral
213,186,167,3,Warm
75,66,82,6,Cool
232,178,172,2,Neutral
74,83,31,6,Warm
184,137,157,4,Cool
184,125,117,4,Neutral
249,229,177,1,Neutral
247,238,181,1,Warm
203,174,165,3,Cool
142,102,86,5,Cool
213,165,175,3,Neutral
100,42,68,6,Neutral
232,221,200,1,Warm
170,147,139,4,Cool
176,155,120,4,Cool
130,101,106,5,Neutral
227,184,131,3,Warm
230,209,175,2,Warm
240,214,205,1,Neutral
252,237,202,1,Neutral
76,55,40,6,Warm
136,127,90,5,Warm
169,164,120,4,Warm
216,226,188,2,Warm
116,83,98,5,Cool
101,71,51,6,Neutral
97,87,56,6,Warm
229,198,179,2,Neutral
228,199,151,3,Warm
220,205,188,2,Cool
232,182,195,2,Cool
151,84,76,5,Neutral
216,160,165,3,Neutral
147,129,79,5,Warm
130,82,113,5,Neutral
194,159,153,3,Cool
186,164,144,3,Cool
140,85,97,5,Neutral
99,78,55,6,Warm
252,207,206,1,Cool
109,55,45,6,Cool
194,148,130,4,Cool
233,204,214,1,Cool
172,166,130,4,Neutral
110,80,37,6,Neutral
204,173,161,3,Cool
223,192,171,2,Warm
210,178,133,3,Warm
132,93,80,5,Warm
245,189,174,2,Warm
107,126,68,5,Neutral
192,145,118,4,Neutral
238,198,171,2,Warm
81,45,52,6,Cool
92,45,48,6,Warm
70,75,74,6,Cool
230,206,190,1,Neutral
238,193,182,2,Cool
201,173,165,3,Cool
121,109,79,5,Warm
69,69,52,6,Warm
165,147,140,4,Warm
200,187,156,3,Neutral
210,216,177,2,Warm
118,114,110,5,Cool
160,102,84,5,Neutral
189,142,139,4,Warm
164,128,123,4,Cool
229,198,161,2,Warm
128,111,93,5,Cool
67,71,66,6,Cool
243,200,195,2,Cool
61,44,52,6,Neutral
220,217,204,2,Cool
237,207,187,2,Cool
161,121,138,4,Cool
150,163,151,4,Cool
70,87,59,6,Warm
235,211,208,1,Cool
174,164,128,4,Neutral
216,224,168,2,Warm
85,75,57,6,Cool
230,213,148,2,Warm
126,96,77,5,Warm
109,116,122,5,Cool
187,140,138,4,Cool
113,88,82,5,Cool
214,205,199,2,Neutral
227,205,206,1,Neutral
67,86,48,6,Cool
238,198,161,2,Neutral
237,228,190,1,Warm
237,199,181,2,Warm
207,187,142,3,Neutral
238,189,200,2,Neutral
195,159,151,4,Cool
220,211,183,1,Neutral
201,168,172,3,Cool
219,207,185,2,Warm
163,130,129,4,Neutral
159,146,114,4,Neutral
229,201,182,1,Neutral
124,90,109,5,Warm
185,146,141,4,Warm
223,187,176,2,Neutral
216,203,169,2,Warm
218,206,185,2,Cool
174,143,141,4,Cool
172,150,115,4,Neutral
238,226,190,1,Neutral
98,76,36,6,Warm
115,81,75,5,Warm
108,66,58,6,Cool
198,190,169,3,Neutral
64,67,63,6,Warm
120,80,102,5,Cool
196,167,156,3,Warm
214,158,168,3,Cool
226,223,198,2,Neutral
204,197,148,3,Neutral
225,213,187,1,Warm
214,164,160,3,Cool
191,166,144,3,Neutral
246,220,186,1,Neutral
193,136,144,4,Cool
210,155,143,3,Neutral
84,84,50,6,Cool
109,108,100,5,Neutral
168,135,108,4,Warm
240,213,206,1,Neutral
158,142,122,4,Warm
223,196,179,2,Warm
132,96,76,5,Warm
99,56,37,6,Neutral
234,203,200,1,Neutral
55,69,62,6,Cool
162,86,87,5,Warm
75,86,58,6,Warm
133,106,95,5,Neutral
93,90,33,6,Warm
88,89,56,6,Cool
226,207,180,2,Neutral
192,171,143,3,Warm
175,171,134,4,Warm
136,77,67,5,Warm
179,160,108,4,Neutral
206,194,142,3,Warm
182,155,153,4,Neutral
192,165,121,4,Warm
186,154,138,4,Cool
191,178,177,3,Neutral
191,137,152,4,Cool
138,112,88,5,Cool
231,212,186,2,Neutral
151,105,114,5,Cool
131,118,117,5,Cool
95,74,53,6,Warm
192,168,156,3,Neutral
196,167,151,3,Warm
214,167,181,3,Cool
221,212,171,2,Neutral
107,45,80,6,Cool
216,195,140,3,Neutral
168,124,135,4,Cool
156,116,109,5,Cool
174,143,128,4,Cool
67,67,59,6,Warm
213,180,183,2,Neutral
148,89,93,5,Warm
243,218,195,2,Warm
239,204,204,2,Cool
226,181,133,3,Warm
252,222,203,1,Cool
255,234,189,1,Neutral
227,214,181,2,Warm
140,122,77,5,Warm
227,187,191,2,Neutral
227,221,160,2,Neutral
164,141,118,4,Cool
246,211,213,1,Cool
217,215,196,2,Warm
226,183,159,2,Warm
83,70,50,6,Cool
200,180,171,3,Cool
216,186,149,3,Cool
241,219,199,1,Cool
203,166,152,3,Cool
126,117,86,5,Warm
219,228,205,1,Cool
202,184,179,3,Cool
63,62,33,6,Cool
94,84,56,6,Neutral
90,82,58,6,Neutral
128,103,104,5,Warm
193,139,111,4,Warm
153,133,71,5,Warm
212,189,148,3,Warm
217,198,185,2,Neutral
221,168,179,3,Cool
225,164,163,3,Neutral
238,227,180,1,Neutral
135,118,98,5,Neutral
187,188,147,3,Neutral
215,210,185,2,Warm
217,199,176,2,Cool
242,225,209,1,Cool
242,215,194,1,Cool
147,133,101,5,Warm
207,175,149,3,Neutral
234,190,196,2,Cool
200,155,131,4,Warm
162,143,134,4,Cool
137,98,79,5,Cool
218,180,166,3,Cool
203,177,136,3,Warm
195,165,163,3,Neutral
236,221,164,2,Warm
185,174,176,3,Cool
173,171,112,4,Warm
126,110,95,5,Cool
235,211,186,1,Cool
205,172,156,3,Warm
195,164,158,3,Neutral
144,105,112,5,Neutral
157,144,121,4,Warm
166,145,135,4,Neutral
135,97,90,5,Warm
116,90,97,5,Warm
221,188,173,2,Cool
105,36,60,6,Neutral
216,177,169,3,Cool
231,192,193,2,Warm
155,80,87,5,Cool
190,163,158,3,Cool
202,163,149,3,Cool
240,218,188,2,Cool
175,129,131,4,Warm
191,132,130,4,Cool
192,155,140,3,Warm
236,190,174,2,Warm
142,113,84,5,Warm
218,204,173,2,Neutral
199,178,177,3,Cool
239,188,178,2,Cool
113,91,78,5,Cool
91,60,46,6,Cool
186,189,147,3,Neutral
152,116,88,5,Neutral
79,60,36,6,Neutral
164,133,126,4,Cool
213,192,171,2,Warm
152,80,120,5,Cool
251,223,203,1,Warm
166,149,123,4,Warm
82,59,54,6,Neutral
163,143,140,4,Neutral
210,209,173,2,Cool
227,231,211,1,Neutral
252,218,180,1,Warm
115,71,56,6,Neutral
245,202,190,1,Cool
119,132,68,5,Warm
198,170,163,3,Neutral
120,79,87,5,Neutral
240,206,177,2,Neutral
208,187,155,3,Neutral
160,166,107,4,Warm
80,42,43,6,Cool
252,221,190,1,Warm
131,95,98,5,Cool
162,135,141,4,Neutral
236,214,168,1,Warm
165,158,122,4,Cool
89,84,53,6,Cool
202,192,163,3,Warm
251,228,172,1,Warm
229,211,178,2,Cool
223,191,184,2,Cool
243,206,191,1,Warm
238,227,175,1,Warm
231,207,210,1,Neutral
203,188,163,3,Neutral
227,213,159,2,Warm
112,105,72,5,Cool
221,196,176,2,Cool
133,95,79,5,Neutral
221,179,166,3,Neutral
77,54,43,6,Warm
220,217,166,2,Neutral
191,169,142,3,Warm
140,116,108,5,Neutral
231,241,188,1,Warm
168,146,135,4,Cool
220,220,185,1,Neutral
216,211,174,2,Cool
247,213,188,1,Warm
176,132,129,4,Neutral
239,218,170,2,Neutral
207,171,188,3,Cool
105,78,55,6,Neutral
244,206,202,1,Cool
172,144,112,4,Neutral
226,208,176,2,Warm
169,144,148,4,Neutral
129,125,109,5,Neutral
179,151,137,4,Warm
231,205,188,1,Cool
240,212,187,1,Warm
165,90,62,5,Warm
234,230,187,1,Cool
123,89,92,5,Cool
154,155,136,4,Neutral
238,194,168,2,Neutral
170,147,113,4,Neutral
148,100,113,5,Cool
220,209,191,2,Neutral
182,129,125,4,Cool
169,166,131,4,Warm
126,113,88,5,Cool
243,211,174,2,Neutral
139,120,92,5,Neutral
240,213,192,2,Cool
187,177,152,3,Cool
240,218,197,1,Neutral
137,129,89,5,Cool
222,202,157,2,Warm
163,169,118,4,Cool
116,123,68,5,Warm
174,173,122,4,Warm
139,122,71,5,Warm
236,200,194,2,Cool
228,216,189,2,Cool
185,156,183,3,Cool
101,46,80,6,Neutral
88,54,76,6,Cool
234,231,196,1,Cool
225,193,191,2,Cool
234,211,193,1,Warm
245,226,184,1,Warm
85,67,66,6,Cool
82,47,65,6,Neutral
151,100,104,5,Cool
212,162,168,3,Warm
233,207,186,1,Neutral
228,182,195,2,Cool
219,206,161,2,Warm
135,98,76,5,Warm
238,231,189,1,Cool
201,181,156,3,Cool
86,60,41,6,Neutral
85,69,71,6,Neutral
233,211,195,2,Neutral
197,139,108,4,Warm
224,189,186,2,Neutral
112,136,80,5,Neutral
188,136,132,4,Neutral
159,123,136,4,Cool
226,170,167,3,Cool
217,194,123,3,Warm
55,69,64,6,Neutral
146,118,93,5,Warm
228,179,143,3,Warm
230,221,204,1,Warm
252,213,192,1,Warm
218,212,172,2,Neutral
254,227,194,1,Cool
210,156,146,3,Cool
127,128,105,5,Warm
139,112,83,5,Cool
192,167,140,4,Neutral
167,161,137,4,Neutral
156,95,109,5,Cool
150,116,80,5,Warm
173,123,157,4,Cool
173,136,113,4,Warm
163,158,108,4,Neutral
227,233,200,1,Cool
141,99,83,5,Neutral
219,223,198,1,Cool
244,213,192,1,Cool
109,99,109,5,Neutral
86,88,60,6,Neutral
139,99,93,5,Neutral
131,85,81,5,Warm
157,110,93,5,Cool
123,111,92,5,Warm
151,98,104,5,Warm
67,57,89,6,Cool
107,67,79,6,Cool
98,68,69,6,Warm
237,210,187,2,Warm
88,64,81,6,Cool
197,171,147,4,Neutral
200,191,167,3,Neutral
219,163,175,3,Cool
231,210,191,1,Cool
174,136,129,4,Cool
241,219,188,1,Neutral
134,118,104,5,Neutral
108,116,78,5,Neutral
155,89,87,5,Warm
212,199,171,3,Warm
98,69,30,6,Neutral
223,219,178,2,Cool
203,182,167,3,Warm
115,108,97,5,Neutral
119,86,78,5,Warm
255,220,189,1,Neutral
233,194,203,2,Cool
184,154,106,4,Warm
175,158,133,4,Warm
56,69,48,6,Neutral
245,204,192,1,Cool
239,221,187,2,Neutral
90,84,41,6,Neutral
172,153,138,4,Neutral
179,156,122,4,Neutral
234,199,203,1,Cool
142,102,77,5,Warm
195,151,108,4,Warm
225,162,160,3,Neutral
124,80,84,5,Neutral
250,201,200,1,Cool
241,219,186,1,Cool
152,94,58,5,Warm
71,36,42,6,Cool
221,183,190,2,Cool
190,149,113,4,Neutral
185,189,147,3,Cool
222,162,155,3,Warm
110,38,44,6,Neutral
121,91,100,5,Warm
206,191,171,3,Cool
83,43,70,6,Cool
245,182,183,2,Cool
159,141,115,4,Neutral
156,166,117,4,Neutral
195,175,147,3,Warm
170,166,121,4,Neutral
251,206,182,1,Neutral
169,128,118,4,Neutral
194,157,158,3,Neutral
117,123,100,5,Neutral
157,143,148,4,Cool
216,175,179,2,Cool
225,204,188,1,Cool
234,210,198,2,Cool
125,88,109,5,Neutral
219,169,163,3,Neutral
150,86,85,5,Warm
222,169,160,3,Cool
234,195,192,1,Neutral
207,192,180,3,Cool
129,87,101,5,Cool
131,97,103,5,Cool
203,162,160,3,Warm
155,105,102,5,Cool
156,98,87,5,Neutral
150,130,143,4,Neutral
79,53,37,6,Cool
186,191,172,3,Cool
223,180,155,3,Neutral
193,178,143,3,Neutral
123,87,90,5,Cool
104,48,68,6,Cool
151,114,113,5,Neutral
133,106,67,5,Warm
167,148,139,4,Warm
143,113,97,5,Cool
227,162,171,3,Neutral
250,234,188,1,Neutral
80,65,39,6,Cool
207,154,162,3,Neutral
169,148,103,4,Warm
219,203,193,2,Neutral
221,190,156,3,Warm
100,68,66,6,Neutral
225,203,171,2,Neutral
230,212,181,1,Warm
159,128,130,4,Warm
255,217,196,1,Neutral
174,161,106,4,Warm
121,96,101,5,Cool
152,98,114,5,Cool
192,124,122,4,Neutral
210,194,193,2,Cool
78,87,36,6,Warm
208,164,173,3,Neutral
170,156,113,4,Warm
107,83,89,5,Cool
180,152,116,4,Neutral
243,210,193,1,Neutral
229,204,174,2,Neutral
197,171,151,3,Cool
90,54,58,6,Warm
119,98,69,5,Warm
152,87,68,5,Neutral
174,163,134,4,Neutral
78,62,55,6,Neutral
121,94,107,5,Cool
220,184,180,2,Warm
79,67,36,6,Warm
222,203,198,2,Neutral
226,213,189,2,Warm
68,68,34,6,Neutral
156,126,133,4,Cool
185,183,157,3,Cool
111,86,46,6,Warm
78,41,54,6,Cool
98,44,66,6,Warm
229,199,177,2,Cool
61,77,70,6,Warm
141,126,109,5,Cool
230,218,188,2,Cool
213,197,172,3,Neutral
100,52,80,6,Cool
170,163,128,4,Neutral
155,113,109,5,Warm
225,234,192,1,Neutral
232,212,211,1,Cool
61,84,69,6,Neutral
227,195,184,2,Neutral
102,81,68,6,Warm
216,217,153,2,Warm
61,85,57,6,Neutral
68,61,62,6,Cool
157,155,115,4,Cool
216,184,179,2,Cool
228,241,179,1,Warm
194,171,176,3,Neutral
210,180,171,3,Neutral
245,211,190,2,Warm
230,207,179,2,Cool
89,80,64,6,Warm
244,218,183,2,Warm
166,149,131,4,Warm
229,229,208,1,Cool
234,198,217,1,Cool
217,178,172,3,Cool
247,231,189,1,Neutral
192,129,97,4,Warm
129,122,100,5,Warm
79,83,76,6,Neutral
212,188,169,2,Neutral
76,49,61,6,Cool
215,190,185,2,Neutral
67,61,40,6,Warm
210,202,192,2,Neutral
142,112,68,5,Neutral
83,39,58,6,Cool
140,120,114,5,Neutral
130,93,114,5,Cool
155,94,91,5,Warm
71,56,59,6,Warm
145,113,93,5,Cool
237,230,180,1,Warm
223,164,165,3,Warm
201,153,127,4,Warm
186,192,148,3,Neutral
189,162,172,3,Neutral
227,187,128,3,Warm
105,60,71,6,Warm
223,226,196,1,Warm
205,184,164,2,Cool
153,116,117,5,Cool
223,220,169,2,Neutral
64,58,45,6,Cool
161,97,91,5,Warm
212,166,165,3,Neutral
181,145,151,4,Cool
66,57,42,6,Cool
193,185,149,3,Cool
220,187,174,2,Cool
229,190,198,2,Cool
236,223,208,1,Cool
189,153,143,4,Neutral
133,124,61,5,Warm
207,166,141,3,Neutral
90,52,63,6,Neutral
92,82,28,6,Warm
204,193,154,3,Warm
148,97,113,5,Cool
193,162,157,3,Neutral
238,222,185,2,Neutral
247,212,191,2,Warm
93,51,37,6,Neutral
131,102,91,5,Neutral
150,112,85,5,Cool
151,90,102,5,Cool
218,179,162,3,Cool
194,145,136,4,Warm
215,188,167,2,Cool
75,75,46,6,Warm
114,97,98,5,Cool
150,108,92,5,Cool
232,208,201,1,Warm
84,54,67,6,Neutral
226,209,182,1,Neutral
107,84,68,6,Cool
149,140,122,4,Cool
169,159,120,4,Warm
221,179,160,3,Neutral
120,102,82,5,Warm
224,187,191,2,Cool
218,202,173,2,Warm
64,84,33,6,Cool
166,136,146,4,Cool
245,210,157,2,Warm
155,102,119,5,Cool
210,193,162,3,Warm
84,42,40,6,Neutral
233,208,182,1,Warm
188,163,130,4,Warm
207,166,168,3,Cool
207,184,152,3,Warm
224,182,166,2,Warm
179,140,138,4,Warm
244,208,186,1,Warm
224,234,203,1,Cool
78,78,65,6,Cool
149,96,63,5,Warm
219,225,170,2,Neutral
238,183,195,2,Cool
247,210,170,2,Warm
78,63,65,6,Neutral
199,188,152,3,Cool
161,140,132,4,Cool
107,103,93,5,Neutral
210,206,185,2,Cool
212,212,186,2,Warm
99,78,59,6,Cool
234,221,194,1,Warm
93,64,58,6,Cool
88,64,69,6,Warm
233,162,160,3,Warm
80,75,42,6,Neutral
211,184,170,2,Neutral
221,162,139,3,Neutral
247,225,199,1,Cool
104,67,64,6,Neutral
140,125,110,5,Warm
155,129,69,5,Neutral
76,48,55,6,Cool
236,194,164,2,Warm
70,87,38,6,Neutral
242,192,172,2,Warm
193,127,100,4,Warm
164,148,159,4,Cool
88,69,60,6,Warm
95,76,34,6,Neutral
143,91,63,5,Warm
239,223,196,1,Warm
103,70,48,6,Cool
81,79,47,6,Warm
131,124,91,5,Neutral
176,153,157,4,Cool
155,110,108,5,Neutral
227,195,171,2,Warm
104,80,59,6,Warm
164,144,140,4,Cool
229,237,194,1,Warm
128,105,77,5,Cool
229,214,171,2,Neutral
156,169,129,4,Neutral
196,162,112,4,Warm
209,164,176,3,Neutral
237,223,178,2,Warm
171,127,152,4,Cool
245,213,206,1,Neutral
188,192,139,3,Warm
62,78,60,6,Warm
192,141,113,4,Neutral
126,120,90,5,Cool
242,182,175,2,Neutral
195,132,140,4,Cool
193,178,134,3,Warm
135,116,93,5,Warm
137,85,80,5,Warm
147,117,89,5,Neutral
188,145,137,4,Neutral
194,185,154,3,Warm
196,171,158,3,Cool
193,161,112,4,Neutral
117,105,85,5,Warm
160,89,73,5,Warm
143,123,96,5,Cool
79,85,42,6,Cool
223,194,179,2,Warm
217,187,144,3,Neutral
157,116,72,5,Warm
59,66,60,6,Cool
125,127,75,5,Cool
78,53,82,6,Cool
217,205,211,1,Cool
98,83,80,6,Cool
160,158,117,4,Neutral
128,89,92,5,Cool
209,222,185,2,Neutral
132,107,101,5,Cool
222,231,198,1,Warm
106,62,36,6,Warm
140,80,89,5,Warm
185,157,136,4,Warm
237,191,182,2,Cool
209,191,143,3,Warm
146,121,99,5,Cool
217,219,182,2,Warm
131,88,71,5,Cool
78,50,41,6,Neutral
204,192,154,3,Neutral
97,65,42,6,Warm
187,142,139,4,Cool
236,196,198,1,Warm
187,149,148,4,Cool
246,212,202,1,Warm
118,130,88,5,Neutral
122,69,42,6,Warm
233,204,202,2,Cool
129,99,87,5,Cool
151,130,85,5,Neutral
101,46,71,6,Neutral
121,122,79,5,Warm
139,120,70,5,Warm
240,201,192,1,Cool
200,178,130,3,Warm
183,176,161,3,Neutral
69,51,77,6,Neutral
214,198,143,3,Warm
214,189,209,2,Cool
121,108,102,5,Warm
91,41,51,6,Neutral
189,153,144,4,Neutral
188,165,113,4,Warm
247,216,193,1,Cool
114,99,66,5,Neutral
243,224,214,1,Cool
195,126,139,4,Neutral
193,128,121,4,Cool
93,80,45,6,Cool
157,96,108,5,Neutral
115,121,67,5,Warm
140,81,115,5,Cool
73,74,64,6,Neutral
184,139,121,4,Neutral
181,125,144,4,Cool
197,195,144,3,Warm
124,115,82,5,Neutral
228,197,210,2,Cool
152,94,117,5,Cool
186,176,165,3,Neutral
134,120,101,5,Neutral
157,90,89,5,Neutral
156,159,150,4,Neutral
225,177,139,3,Warm
202,159,152,3,Warm
240,196,195,1,Neutral
203,173,134,3,Warm
204,131,120,4,Warm
158,130,155,4,Cool
233,210,169,2,Neutral
173,138,139,4,Cool
237,192,167,2,Warm
113,89,106,5,Warm
86,49,65,6,Cool
127,108,85,5,Cool
216,194,176,2,Neutral
53,48,45,6,Cool
197,162,125,4,Warm
166,139,151,4,Cool
247,211,197,1,Neutral
240,213,177,2,Warm
122,120,109,5,Neutral
231,232,211,1,Neutral
215,166,150,3,Neutral
94,53,46,6,Cool
187,178,158,3,Warm
126,92,111,5,Neutral
108,80,59,6,Cool
121,92,59,5,Warm
213,187,172,3,Cool
177,122,123,4,Warm
224,187,176,2,Neutral
188,136,151,4,Cool
180,162,99,4,Warm
200,186,164,3,Warm
93,85,58,6,Neutral
201,169,149,3,Neutral
126,103,88,5,Cool
212,195,161,3,Neutral
225,187,194,2,Cool
193,177,137,3,Neutral
54,54,46,6,Neutral
114,93,90,5,Cool
240,176,184,2,Neutral
155,92,67,5,Neutral
181,153,113,4,Warm
222,217,154,2,Warm
162,130,121,4,Cool
80,90,43,6,Warm
229,226,183,2,Warm
195,177,157,3,Warm
152,169,124,4,Cool
184,156,135,4,Neutral
126,96,111,5,Neutral
220,191,197,2,Cool
207,207,181,2,Neutral
208,175,145,3,Warm
197,160,145,4,Cool
182,161,141,4,Cool
188,192,162,3,Neutral
253,193,185,2,Warm
194,187,161,3,Warm
82,70,53,6,Neutral
240,213,188,1,Cool
135,86,88,5,Neutral
140,132,100,5,Warm
232,224,182,1,Cool
119,105,106,5,Warm
181,141,108,4,Neutral
206,178,160,3,Neutral
77,51,68,6,Warm
219,203,201,2,Cool
218,212,170,2,Neutral
114,39,66,6,Cool
195,181,135,3,Warm
177,130,124,4,Cool
59,91,59,6,Warm
248,195,177,2,Warm
208,164,173,3,Cool
200,189,159,3,Warm
79,50,73,6,Neutral
167,133,141,4,Neutral
121,98,70,5,Neutral
230,196,171,2,Neutral
197,159,109,4,Warm
90,60,53,6,Neutral
184,164,110,4,Warm
160,108,99,5,Neutral
127,115,66,5,Warm
233,213,183,1,Warm
185,184,163,3,Warm
232,230,182,1,Warm
68,63,87,6,Cool
106,47,54,6,Cool
193,157,150,4,Cool
194,192,158,3,Cool
213,204,188,2,Neutral
134,118,113,5,Neutral
123,104,70,5,Warm
77,64,48,6,Neutral
132,93,104,5,Neutral
219,152,160,3,Neutral
180,128,126,4,Neutral
80,50,83,6,Cool
89,72,58,6,Neutral
98,63,77,6,Cool
175,166,136,4,Cool
102,75,69,6,Neutral
228,211,191,2,Neutral
255,232,189,1,Warm
223,166,179,3,Cool
83,51,31,6,Warm
215,165,172,3,Neutral
165,154,129,4,Neutral
165,152,140,4,Cool
204,182,162,3,Warm
218,163,156,3,Neutral
239,238,179,1,Warm
101,55,57,6,Neutral
218,173,155,3,Neutral
230,200,170,2,Cool
232,206,174,2,Warm
176,129,161,4,Cool
194,181,151,3,Neutral
182,140,141,4,Neutral
83,62,47,6,Neutral
228,202,204,1,Cool
197,177,151,3,Neutral
201,156,135,3,Warm
197,175,174,3,Cool
232,213,180,1,Warm
248,221,176,2,Cool
192,172,161,3,Neutral
83,34,72,6,Cool
234,202,197,1,Neutral
196,185,160,3,Neutral
241,197,209,1,Cool
228,217,200,1,Neutral
252,223,183,1,Warm
212,204,192,2,Cool
117,52,58,6,Warm
174,127,151,4,Neutral
230,185,185,2,Neutral
194,180,163,3,Cool
166,137,139,4,Cool
88,48,60,6,Cool
130,90,81,5,Warm
195,145,131,4,Cool
225,165,149,3,Cool
117,89,104,5,Cool
216,182,186,3,Cool
161,142,110,4,Neutral
237,222,180,2,Cool
231,217,214,1,Cool
208,189,154,3,Cool
176,149,106,4,Warm
241,189,185,2,Warm
223,155,155,3,Neutral
189,146,122,4,Warm
204,175,162,3,Cool
165,156,121,4,Neutral
226,219,189,1,Cool
245,183,190,2,Cool
198,171,157,3,Warm
233,217,215,1,Cool
239,211,204,1,Cool
215,162,150,3,Warm
255,221,196,1,Neutral
119,117,110,5,Warm
249,204,196,1,Cool
218,221,175,2,Neutral
232,192,166,2,Warm
177,146,113,4,Warm
226,214,182,1,Warm
248,217,180,2,Warm
159,130,118,4,Warm
226,215,182,1,Warm
187,127,131,4,Neutral
80,52,62,6,Cool
241,207,198,2,Neutral
66,77,38,6,Cool
150,123,90,5,Neutral
215,182,157,3,Warm
133,110,110,5,Neutral
141,122,61,5,Warm
186,141,133,4,Neutral
153,100,100,5,Warm
174,134,103,4,Warm
162,132,128,4,Warm
201,156,149,3,Cool
211,167,164,3,Cool
86,56,65,6,Neutral
174,131,127,4,Cool
170,162,133,4,Warm
110,91,81,6,Cool
240,218,176,2,Neutral
153,92,64,5,Warm
215,179,148,3,Neutral
67,40,68,6,Cool
175,152,122,4,Cool
189,161,140,3,Neutral
133,111,88,5,Warm
229,187,138,3,Warm
143,121,83,5,Warm
242,194,172,2,Neutral
189,169,113,4,Warm
206,171,176,3,Cool
86,40,68,6,Warm
197,165,131,4,Warm
159,119,83,5,Neutral
193,170,133,4,Warm
188,153,111,4,Neutral
106,60,31,6,Warm
230,205,176,2,Cool
65,73,66,6,Cool
216,196,166,3,Cool
227,226,213,1,Cool
187,139,148,4,Cool
99,59,51,6,Cool
229,206,162,2,Neutral
87,56,30,6,Warm
246,209,177,1,Warm
249,214,187,1,Cool
106,45,54,6,Warm
188,186,152,3,Cool
194,173,135,3,Neutral
119,99,116,5,Cool
137,103,107,5,Neutral
175,141,130,4,Cool
251,220,194,1,Neutral
187,151,137,4,Neutral
238,203,188,1,Cool
156,85,89,5,Warm
194,188,164,3,Neutral
235,214,175,2,Neutral
222,206,176,2,Neutral
218,158,171,3,Neutral
95,62,45,6,Warm
109,47,56,6,Cool
218,160,151,3,Neutral
252,234,185,1,Neutral
212,175,154,3,Warm
221,184,174,2,Neutral
136,124,103,5,Cool
84,64,70,6,Cool
66,62,41,6,Warm
77,87,80,6,Cool
76,90,51,6,Warm
133,95,76,5,Warm
88,47,40,6,Warm
223,188,155,3,Warm
156,130,135,4,Cool
179,168,146,4,Neutral
248,214,194,2,Warm
199,173,130,3,Warm
232,196,167,2,Warm
237,192,175,2,Warm
236,219,156,2,Warm
218,195,163,2,Neutral
195,145,98,4,Warm
159,118,111,5,Neutral
174,143,108,4,Warm
251,219,183,1,Warm
86,46,38,6,Neutral
119,125,75,5,Cool
196,170,149,3,Neutral
251,218,212,1,Cool
248,198,199,1,Neutral
249,223,200,1,Neutral
221,204,186,2,Cool
227,200,202,1,Cool
227,197,186,2,Cool
250,238,189,1,Warm
174,157,113,4,Neutral
72,59,44,6,Warm
231,222,186,2,Neutral
216,176,162,3,Warm
221,184,181,2,Cool
200,193,151,3,Neutral
209,199,193,2,Neutral
171,137,131,4,Neutral
231,212,185,2,Warm
252,201,202,1,Warm
126,109,88,5,Neutral
253,208,215,1,Cool
189,131,112,4,Neutral
250,208,195,1,Cool
170,157,143,4,Cool
227,221,154,2,Warm
174,138,143,4,Cool
182,136,122,4,Cool
231,225,163,2,Neutral
216,178,150,3,Neutral
189,161,138,4,Cool
156,154,118,4,Neutral
110,92,101,5,Cool
212,177,141,3,Warm
193,181,136,3,Warm
211,207,197,2,Neutral
194,181,160,3,Neutral
92,65,57,6,Cool
157,115,85,5,Cool
197,122,121,4,Cool
226,199,192,1,Neutral
167,154,146,4,Cool
170,144,107,4,Warm
90,70,48,6,Cool
161,142,115,4,Neutral
211,166,171,3,Cool
165,159,112,4,Warm
225,215,174,2,Cool
221,179,186,2,Cool
222,158,149,3,Cool
73,62,59,6,Neutral
151,83,104,5,Neutral
99,75,44,6,Neutral
117,113,118,5,Cool
66,68,40,6,Warm
255,224,208,1,Cool
195,167,170,3,Neutral
223,217,189,2,Cool
252,236,207,1,Cool
233,197,185,2,Cool
109,80,62,6,Cool
200,176,157,3,Warm
147,94,107,5,Cool
237,228,180,1,Warm
217,161,141,3,Warm
87,72,51,6,Cool
229,205,202,1,Warm
245,203,157,2,Warm
138,125,96,5,Neutral
207,174,170,3,Neutral
104,74,70,6,Neutral
209,186,161,3,Neutral
63,47,61,6,Cool
170,157,129,4,Neutral
129,122,92,5,Cool
158,96,78,5,Neutral
238,184,190,2,Cool
191,192,139,3,Neutral
201,169,154,3,Warm
141,99,89,5,Neutral
244,198,192,1,Cool
120,110,83,5,Neutral
189,194,153,3,Neutral
244,208,201,1,Warm
214,170,154,3,Cool
215,166,143,3,Neutral
134,130,109,5,Neutral
160,162,141,4,Warm
221,221,189,1,Cool
82,61,62,6,Cool
206,166,151,3,Warm
158,103,83,5,Warm
165,161,144,4,Neutral
88,56,81,6,Cool
139,94,73,5,Warm
157,162,122,4,Cool
220,211,187,1,Cool
182,138,126,4,Neutral
221,192,175,2,Cool
219,154,164,3,Neutral
206,156,144,3,Neutral
137,109,115,5,Neutral
129,89,118,5,Cool
231,203,169,2,Cool
224,221,191,1,Neutral
225,216,149,2,Warm
95,42,47,6,Cool
150,120,112,5,Cool
125,110,74,5,Warm
251,216,192,1,Cool
225,214,198,1,Warm
230,215,172,2,Neutral
211,167,168,3,Neutral
249,233,179,1,Neutral
195,151,127,4,Warm
186,156,123,4,Neutral
224,163,152,3,Cool
163,168,128,4,Neutral
71,60,53,6,Cool
214,178,172,3,Neutral
242,221,175,2,Neutral
171,143,143,4,Neutral
183,130,131,4,Neutral
246,216,196,2,Cool
77,75,61,6,Cool
115,118,78,5,Warm
192,195,149,3,Neutral
223,209,191,1,Neutral
207,188,170,3,Neutral
244,197,175,1,Neutral
182,154,132,4,Neutral
231,189,190,2,Neutral
128,104,117,5,Cool
157,153,143,4,Neutral
123,89,109,5,Warm
190,156,134,4,Neutral
106,64,57,6,Neutral
168,123,157,4,Cool
223,200,165,3,Warm
249,205,176,2,Cool
120,96,98,5,Neutral
132,79,114,5,Cool
239,213,195,1,Warm
230,216,186,1,Warm
213,213,189,2,Warm
217,172,135,3,Neutral
229,208,175,1,Warm
122,90,74,5,Warm
71,83,72,6,Cool
241,198,172,2,Cool
211,174,138,3,Neutral
240,236,196,1,Neutral
218,193,184,2,Cool
234,202,187,1,Warm
157,126,157,4,Cool
196,194,179,3,Cool
112,122,115,5,Cool
221,194,177,3,Neutral
153,113,86,5,Warm
206,170,142,3,Neutral
187,185,134,3,Warm
248,227,190,1,Neutral
242,203,181,2,Warm
225,227,184,1,Neutral
196,165,170,3,Cool
106,82,34,6,Neutral
207,186,188,2,Cool
238,204,172,2,Cool
245,203,213,1,Cool
208,195,149,3,Neutral
193,161,132,3,Warm
103,66,77,6,Warm
133,122,91,5,Cool
131,92,75,5,Cool
247,195,180,2,Neutral
220,223,190,1,Cool
145,130,88,5,Warm
88,67,46,6,Warm
161,167,124,4,Warm
104,45,46,6,Warm
106,113,101,5,Cool
117,116,79,5,Cool
228,169,175,3,Cool
196,162,130,4,Neutral
197,158,134,3,Warm
199,173,144,3,Warm
91,74,65,6,Cool
160,136,135,4,Neutral
204,169,128,3,Neutral
255,227,198,1,Neutral
222,226,189,1,Neutral
187,151,130,4,Neutral
255,208,201,1,Neutral
222,215,182,1,Warm
61,51,34,6,Warm
73,79,37,6,Warm
215,156,151,3,Neutral
206,189,139,3,Warm
97,80,32,6,Warm
79,62,63,6,Neutral
231,199,200,2,Cool
188,153,105,4,Neutral
159,141,130,4,Neutral
88,57,75,6,Cool
237,185,182,2,Neutral
234,205,211,1,Cool
122,124,60,5,Warm
220,193,161,2,Warm
89,62,45,6,Neutral
181,124,130,4,Cool
226,209,193,2,Neutral
236,226,189,1,Warm
159,144,140,4,Cool
112,103,108,5,Cool
246,204,198,1,Warm
201,185,145,3,Warm
83,52,48,6,Warm
118,90,81,5,Cool
111,84,69,6,Neutral
67,46,44,6,Warm
148,93,77,5,Warm
115,79,79,5,Warm
221,192,206,2,Cool
164,144,135,4,Neutral
222,226,182,1,Cool
187,169,121,4,Warm
217,159,171,3,Neutral
225,165,148,3,Warm
240,215,180,2,Cool
250,230,200,1,Warm
162,124,125,4,Neutral
189,170,153,3,Cool
233,238,181,1,Warm
72,71,55,6,Warm
125,91,91,5,Neutral
217,160,171,3,Cool
199,148,153,4,Neutral
228,208,189,2,Warm
196,124,113,4,Neutral
67,56,49,6,Cool
168,149,107,4,Warm
149,95,99,5,Neutral
219,191,161,3,Neutral
106,75,55,6,Warm
215,182,194,2,Neutral
129,89,101,5,Cool
164,151,146,4,Neutral
172,160,104,4,Warm
214,187,147,3,Neutral
122,98,110,5,Neutral
229,179,173,2,Cool
219,196,210,1,Cool
235,221,188,2,Warm
157,133,143,4,Neutral
220,235,184,1,Neutral
163,135,117,4,Warm
66,59,27,6,Warm
240,205,161,2,Neutral
234,215,174,2,Cool
187,145,110,4,Neutral
250,236,177,1,Warm
194,134,112,4,Neutral
189,176,112,4,Neutral
202,179,168,3,Cool
235,228,194,1,Neutral
165,148,134,4,Warm
148,85,95,5,Warm
134,80,83,5,Neutral
183,174,170,3,Cool
140,92,104,5,Warm
89,77,58,6,Warm
154,99,100,5,Warm
221,207,178,2,Neutral
150,123,67,5,Warm
239,194,174,2,Neutral
94,82,56,6,Neutral
150,83,114,5,Cool
199,153,140,4,Neutral
194,195,152,3,Warm
95,79,41,6,Neutral
219,172,167,3,Neutral
244,227,191,1,Cool
220,199,165,2,Warm
237,212,190,2,Cool
88,74,59,6,Neutral
213,162,173,3,Cool
233,193,174,2,Neutral
240,221,193,1,Neutral
218,189,151,3,Neutral
150,97,73,5,Cool
200,158,157,3,Neutral
215,192,173,3,Cool
235,200,158,2,Warm
223,217,209,1,Neutral
84,54,58,6,Warm
118,90,109,5,Neutral
115,63,61,6,Warm
140,114,96,5,Warm
93,65,39,6,Warm
112,96,104,5,Neutral
234,181,179,2,Cool
183,166,150,4,Cool
182,124,136,4,Neutral
213,182,159,3,Warm
135,122,107,5,Warm
132,126,86,5,Cool
198,174,140,3,Warm
206,183,175,2,Neutral
220,186,166,2,Neutral
253,216,190,1,Neutral
197,171,153,3,Warm
239,227,188,1,Neutral
77,86,54,6,Warm
193,156,155,3,Warm
207,163,181,3,Cool
164,93,110,5,Neutral
158,149,122,4,Cool
120,93,103,5,Cool
211,171,148,3,Cool
215,202,174,2,Neutral
175,123,124,4,Warm
160,153,107,4,Neutral
214,188,197,2,Neutral
220,170,178,3,Cool
143,105,71,5,Cool
143,129,83,5,Warm
169,151,134,4,Warm
231,214,197,2,Warm
247,217,188,2,Cool
230,186,173,2,Neutral
152,116,122,5,Cool
197,161,115,4,Neutral
199,160,140,3,Neutral
233,196,178,2,Warm
197,143,106,4,Warm
228,210,179,2,Neutral
107,117,76,5,Cool
153,82,84,5,Neutral
182,131,109,4,Neutral
136,101,116,5,Cool
236,214,186,1,Cool
125,94,78,5,Warm
170,165,117,4,Neutral
228,205,172,2,Cool
204,192,135,3,Warm
183,151,145,4,Warm
99,44,58,6,Warm
255,230,192,1,Warm
76,76,74,6,Neutral
187,176,168,3,Cool
78,41,34,6,Warm
230,230,189,1,Neutral
78,79,64,6,Cool
205,123,133,4,Neutral
186,134,137,4,Cool
149,82,93,5,Neutral
149,99,87,5,Warm
153,96,95,5,Neutral
72,61,26,6,Warm
97,66,53,6,Warm
208,186,149,3,Neutral
226,169,167,3,Cool
78,88,61,6,Cool
233,193,176,2,Neutral
157,165,135,4,Neutral
167,147,113,4,Neutral
198,166,138,4,Warm
123,102,59,5,Warm
211,209,197,2,Cool
192,153,140,4,Neutral
120,104,62,5,Warm
235,219,172,2,Cool
225,199,185,1,Neutral
148,72,94,5,Cool
187,187,158,3,Cool
243,205,196,2,Cool
130,114,103,5,Cool
58,46,46,6,Cool
213,181,198,2,Cool
242,211,212,1,Cool
233,222,177,1,Neutral
145,128,114,5,Cool
213,181,190,3,Cool
84,74,81,6,Neutral
101,65,35,6,Warm
185,150,138,4,Neutral
76,40,58,6,Warm
191,166,178,3,Neutral
239,191,190,2,Cool
185,158,125,4,Warm
71,47,73,6,Cool
138,82,108,5,Warm
106,50,35,6,Cool
168,138,130,4,Cool
232,220,193,2,Warm
88,78,54,6,Cool
134,123,73,5,Warm
206,140,137,4,Warm
109,60,45,6,Cool
218,168,174,3,Cool
166,142,126,4,Cool
114,92,82,5,Neutral
63,52,68,6,Warm
231,186,150,3,Warm
229,191,171,2,Warm
118,121,89,5,Warm
236,203,160,2,Warm
224,226,200,1,Warm
164,129,139,4,Neutral
112,92,112,5,Cool
226,195,179,2,Neutral
215,189,160,2,Warm
168,166,124,4,Neutral
199,190,147,3,Warm
198,155,101,4,Warm
114,106,106,5,Neutral
144,124,109,5,Cool
61,72,44,6,Warm
185,192,163,3,Neutral
91,60,62,6,Neutral
211,194,137,3,Warm
189,129,130,4,Warm
167,126,128,4,Cool
199,156,112,4,Neutral
131,110,105,5,Cool
196,184,177,3,Neutral
127,90,113,5,Cool
103,62,77,6,Neutral
69,39,50,6,Cool
138,130,68,5,Warm
197,148,139,4,Warm
133,97,107,5,Warm
213,189,171,3,Warm
98,59,41,6,Warm
131,128,90,5,Cool
174,133,123,4,Cool
251,214,203,1,Neutral
216,184,180,3,Cool
89,42,53,6,Cool
140,121,56,5,Warm
143,99,99,5,Neutral
252,208,191,1,Neutral
176,136,117,4,Neutral
233,218,184,1,Neutral
225,203,158,2,Warm
225,170,136,3,Warm
243,212,176,2,Warm
198,184,149,3,Neutral
235,202,187,2,Neutral
200,133,122,4,Neutral
220,220,213,1,Cool
226,223,179,2,Cool
113,84,74,6,Neutral
140,79,87,5,Neutral
217,207,183,2,Cool
223,227,197,1,Cool
98,57,79,6,Neutral
107,86,70,6,Neutral
233,189,177,2,Cool
107,64,72,6,Warm
238,192,181,2,Warm
241,225,154,2,Warm
240,208,202,1,Cool
130,88,84,5,Cool
125,105,87,5,Cool
182,155,103,4,Warm
190,144,112,4,Warm
111,92,103,5,Neutral
192,182,168,3,Warm
210,201,163,2,Neutral
137,124,84,5,Cool
249,212,195,1,Neutral
140,82,115,5,Neutral
133,102,94,5,Neutral
111,84,55,6,Warm
251,211,175,2,Warm
187,185,166,3,Neutral
155,150,119,4,Neutral
217,214,165,2,Neutral
238,218,188,2,Warm
182,128,118,4,Warm
119,119,109,5,Neutral
189,154,151,4,Cool
92,66,69,6,Cool
87,76,43,6,Warm
178,136,138,4,Neutral
220,223,183,1,Neutral
158,167,146,4,Cool
199,172,141,3,Warm
231,208,198,1,Neutral
188,170,123,4,Neutral
153,90,96,5,Cool
220,184,183,2,Cool
76,77,61,6,Cool
200,193,158,3,Cool
171,128,104,4,Warm
235,233,211,1,Cool
182,172,138,4,Neutral
205,197,150,3,Warm
167,147,116,4,Neutral
92,57,50,6,Neutral
113,102,99,5,Neutral
179,169,118,4,Warm
220,180,145,3,Warm
239,217,196,1,Neutral
208,186,149,3,Warm
219,186,139,3,Neutral
239,198,189,1,Cool
127,84,79,5,Warm
137,127,65,5,Warm
60,73,45,6,Neutral
177,149,141,4,Neutral
241,222,183,2,Warm
189,135,149,4,Cool
238,226,206,1,Cool
219,192,184,2,Neutral
238,220,199,2,Cool
81,79,66,6,Neutral
223,216,198,2,Cool
101,62,63,6,Warm
227,235,187,1,Warm
149,108,98,5,Warm
61,70,55,6,Neutral
207,212,172,2,Warm
174,128,131,4,Warm
112,85,78,6,Neutral
218,215,172,2,Warm
176,142,130,4,Warm
200,140,122,4,Cool
234,179,188,2,Neutral
235,198,218,1,Cool
142,125,99,5,Cool
227,215,203,2,Cool
133,117,92,5,Cool
238,190,165,2,Warm
235,222,177,1,Warm
140,106,62,5,Warm
183,163,137,4,Warm
225,197,184,1,Neutral
129,99,86,5,Warm
214,161,138,3,Warm
219,184,191,2,Warm
157,134,81,5,Warm
219,201,195,2,Warm
197,157,131,4,Warm
108,68,38,6,Neutral
202,192,192,2,Neutral
211,189,179,3,Cool
80,43,75,6,Cool
231,195,196,2,Neutral
251,234,206,1,Cool
59,66,82,6,Cool
231,215,180,2,Warm
151,116,72,5,Neutral
122,97,117,5,Cool
184,135,142,4,Neutral
152,133,98,5,Neutral
155,127,116,4,Neutral
153,137,134,4,Cool
241,202,215,1,Cool
201,161,98,4,Warm
142,94,114,5,Cool
245,204,204,1,Warm
75,74,35,6,Cool
98,70,38,6,Warm
202,186,175,3,Cool
208,162,149,3,Warm
72,44,50,6,Cool
206,196,150,3,Warm
146,111,76,5,Cool
227,199,196,2,Neutral
173,152,140,4,Cool
210,178,149,3,Warm
134,95,78,5,Cool
193,184,165,3,Neutral
85,45,68,6,Cool
136,124,101,5,Cool
123,118,97,5,Neutral
204,160,167,3,Neutral
108,88,90,5,Neutral
83,71,77,6,Neutral
243,180,175,2,Cool
242,209,193,1,Warm
127,87,73,5,Warm
100,89,81,6,Cool
199,176,143,3,Warm
105,59,75,6,Neutral
184,140,153,4,Cool
206,182,174,3,Neutral
191,135,113,4,Neutral
233,197,189,1,Neutral
204,191,152,3,Warm
199,180,163,3,Warm
166,160,110,4,Neutral
148,96,107,5,Cool
221,237,194,1,Cool
219,186,135,3,Neutral
213,188,154,3,Cool
172,173,116,4,Neutral
241,183,181,2,Cool
216,183,149,3,Warm
172,165,130,4,Warm
132,113,80,5,Warm
70,46,38,6,Warm
218,207,188,2,Neutral
122,84,75,5,Cool
243,177,176,2,Cool
141,108,74,5,Warm
210,152,145,3,Neutral
223,203,211,1,Cool
186,122,124,4,Neutral
187,148,146,4,Cool
73,55,72,6,Neutral
211,184,192,2,Cool
74,69,73,6,Warm
152,83,78,5,Cool
254,233,188,1,Warm
151,112,79,5,Warm
197,169,156,3,Warm
161,137,131,4,Neutral
189,186,152,3,Warm
145,118,75,5,Warm
219,192,167,2,Warm
63,58,41,6,Cool
195,182,138,3,Neutral
222,185,192,2,Cool
79,64,77,6,Neutral
182,142,125,4,Neutral
125,115,115,5,Neutral
219,164,131,3,Warm
115,95,62,5,Warm
139,90,72,5,Warm
214,191,192,2,Neutral
194,178,134,3,Warm
130,89,74,5,Neutral
153,100,121,5,Cool
106,77,32,6,Neutral
131,120,109,5,Neutral
141,98,80,5,Warm
196,163,152,3,Neutral
239,195,182,2,Cool
128,86,76,5,Neutral
103,56,55,6,Neutral
217,181,191,2,Cool
226,202,183,2,Neutral
172,166,109,4,Warm
89,49,52,6,Cool
246,222,163,2,Neutral
183,145,116,4,Cool
123,91,94,5,Cool
196,184,135,3,Neutral
192,190,156,3,Cool
197,159,154,3,Warm
94,86,73,6,Neutral
93,77,60,6,Neutral
148,95,70,5,Neutral
186,135,142,4,Warm
150,129,78,5,Cool
192,174,177,3,Cool
188,145,132,4,Warm
177,155,123,4,Warm
107,124,113,5,Cool
121,93,77,5,Warm
219,192,145,3,Warm
235,217,184,2,Warm
147,103,82,5,Cool
206,195,130,3,Warm
220,167,154,3,Warm
105,61,51,6,Warm
226,200,200,1,Neutral
171,132,134,4,Neutral
220,202,188,2,Warm
190,182,147,3,Cool
238,217,190,1,Warm
75,82,47,6,Neutral
240,233,153,2,Warm
77,60,43,6,Neutral
228,239,191,1,Neutral
249,193,184,2,Warm
145,89,90,5,Neutral
198,153,112,4,Warm
192,160,170,3,Cool
169,142,139,4,Neutral
192,140,130,4,Warm
222,195,199,2,Cool
145,109,72,5,Neutral
197,154,132,4,Cool
110,122,95,5,Cool
237,206,180,1,Warm
132,112,117,5,Cool
184,153,117,4,Cool
152,117,63,5,Warm
80,77,52,6,Neutral
102,38,67,6,Neutral
236,198,191,1,Warm
199,164,149,3,Cool
165,161,120,4,Warm
190,177,160,3,Neutral
182,143,118,4,Warm
234,239,185,1,Cool
65,55,65,6,Cool
219,168,169,3,Neutral
240,216,194,1,Neutral
234,205,192,1,Warm
83,59,81,6,Cool
238,207,169,2,Warm
215,202,160,2,Warm
236,219,179,1,Warm
226,210,156,2,Warm
225,199,172,2,Neutral
150,127,66,5,Neutral
61,46,59,6,Neutral
124,95,71,5,Warm
233,200,188,2,Warm
196,188,151,3,Neutral
76,55,64,6,Warm
247,231,190,1,Cool
204,189,158,3,Cool
110,105,81,5,Neutral
202,171,129,4,Warm
145,106,83,5,Warm
229,195,196,2,Warm
154,112,111,5,Cool
84,68,37,6,Cool
188,186,161,3,Cool
199,158,144,3,Neutral
147,83,118,5,Cool
244,215,196,1,Cool
83,79,82,6,Cool
219,195,179,2,Cool
195,144,114,4,Warm
181,160,157,3,Cool
219,163,160,3,Cool
181,150,114,4,Warm
159,164,133,4,Neutral
198,159,160,3,Neutral
236,194,183,1,Warm
189,157,150,3,Neutral
185,135,121,4,Cool
217,190,203,2,Cool
173,134,127,4,Cool
184,161,106,4,Neutral
225,217,199,2,Cool
94,41,46,6,Cool
125,118,71,5,Warm
134,121,96,5,Cool
193,185,184,3,Cool
239,185,198,2,Neutral
201,168,148,3,Warm
179,138,109,4,Neutral
189,138,118,4,Warm
230,202,212,1,Cool
200,179,155,3,Warm
241,201,172,2,Warm
164,134,103,4,Warm
209,194,140,3,Neutral
203,138,128,4,Warm
217,200,178,2,Warm
232,227,200,1,Neutral
174,173,133,4,Neutral
88,46,46,6,Cool
144,91,103,5,Warm
108,78,45,6,Neutral
231,191,171,2,Neutral
163,155,143,4,Cool
195,142,144,4,Cool
213,189,185,2,Cool
207,188,138,3,Warm
241,216,205,1,Cool
191,128,134,4,Neutral
126,88,117,5,Cool
139,84,67,5,Warm
64,84,66,6,Neutral
214,227,204,1,Neutral
118,93,123,5,Cool
131,121,80,5,Neutral
245,208,182,2,Warm
